Center,Facility,Occupied,Status,Record Date,Last Update,Country,Contact,Phone,Location,City,State,Zipcode
Kennedy Space Center,Control Room 2/1726/HGR-S ,1957,,03-01-1996 00:00,06/22/2015 12:00:00 AM,US,Sheryl Chaffee,321-867-8047,"32899(28.538331, -81.378879)",Kennedy Space Center,FL,32899
Langley Research Center,Micometeroid/LDEF Analysis Laboratory,1965,Active,03-01-1996 00:00,02/25/2013 12:00:00 AM,US,Sherry Johnson,757.864-3848,"23681-2199(37.08681, -76.376649)",Hampton,VA,23681-2199
Kennedy Space Center,SRM Rotation and Processing Facility/K6-0494 ,1984,,03-01-1996 00:00,06/22/2015 12:00:00 AM,US,Sheryl Chaffee,321-867-8047,"32899(28.538331, -81.378879)",Kennedy Space Center,FL,32899
Marshall Space Flight Center,ET WTC - 14-Inch Trisonic Wind Tunnel 4732,1968,Active,03-01-1996 00:00,03/31/2014 12:00:00 AM,US,Pam Caruso,256-544-7795,"35812(34.729538, -86.585283)",Huntsville,AL,35812
Marshall Space Flight Center,EB LAB Control Moment Gyro Test & Eval Fac 4487,,Active,06-11-1996 00:00,05/30/2014 12:00:00 AM,US,Pam Caruso,256-544-7795,"35812(34.729538, -86.585283)",Huntsville,AL,35812
Kennedy Space Center,HMF South Processing Bldg/West High Bay/M7-1212 ,1964,,03-01-1996 00:00,06/22/2015 12:00:00 AM,US,Sheryl Chaffee,321-867-8047,"32899(28.538331, -81.378879)",Kennedy Space Center,FL,32899
Kennedy Space Center,Central Supply Warehouse (M6-744) ,1964,,03-01-1996 00:00,06/22/2015 12:00:00 AM,US,Sheryl Chaffee,321-867-8047,"32899(28.538331, -81.378879)",Kennedy Space Center,FL,32899
Jet Propulsion Lab,DSS 46 Antenna,1963,Inactive,03-01-1996 00:00,08-07-2013 00:00,US,Gary Gray,818.354.0701,"91109(34.178124, -118.150662)",PASADENA,CA,91109
Jet Propulsion Lab,DSS 65 Antenna,1964,Active,03-01-1996 00:00,08-07-2013 00:00,US,Gary Gray,818.354.0701,"91109(34.178124, -118.150662)",PASADENA,CA,91109
Kennedy Space Center,Utility Annex/K6-947/VAB AREA ,1966,,03-01-1996 00:00,06/22/2015 12:00:00 AM,US,Sheryl Chaffee,321-867-8047,"32899(28.538331, -81.378879)",Kennedy Space Center,FL,32899
Jet Propulsion Lab,Microdevices Laboratory (MDL),1990,Active,03-01-1996 00:00,08-08-2013 00:00,US,Gary Gray,818.354.0701,"91109(34.178124, -118.150662)",PASADENA,CA,91109
Stennis Space Center,Test Stand A-2 #4122,1964,Inactive,03-01-1996 00:00,04-06-2015 00:00,US,Robert Bruce,228-688-1646,"39529-6000(30.385948, -89.604486)",Stennis Space Center,MS,39529-6000
Marshall Space Flight Center,EP Data Recording Facility 4583 ,1957,Active,03-01-1996 00:00,03/31/2014 12:00:00 AM,US,Pam Caruso,256-544-7795,"35812(34.729538, -86.585283)",Huntsville,AL,35812
Wallops Flight Facility/GSFC,WFF Research Airport,1958,Active,03-01-1996 00:00,07/19/2013 12:00:00 AM,US,Scott H. Schaire,757-824-1120,"23337-5099(37.911289, -75.469622)",Wallops Island,VA,23337-5099
Marshall Space Flight Center,EH Vacuum Plasma Spray Facility 4707,1956,Active,03-01-1996 00:00,06-02-2014 00:00,US,Pam Caruso,256-544-7795,"35812(34.729538, -86.585283)",Huntsville,AL,35812
Marshall Space Flight Center,ET Test Facility (TS300) 4530,1966,Active,06-05-1996 00:00,02/26/2015 12:00:00 AM,US,Pam Caruso,256-544-7795,"35812(34.729538, -86.585283)",Huntsville,AL,35812
Jet Propulsion Lab,DSS 16 Antenna,1958,Inactive,03-01-1996 00:00,08-07-2013 00:00,US,Gary Gray,818.354.0701,"91109(34.178124, -118.150662)",PASADENA,CA,91109
Jet Propulsion Lab,Thermal Vacuum Chamber 306-TV-11,,Active,07-06-2010 00:00,08-08-2013 00:00,US,Gary Gray,818.354.0701,"91109(34.178124, -118.150662)",PASADENA,CA,91109
Goddard Space Flight Center,700: Magnetic Field Component Test Facility,1963,Active,03-01-1996 00:00,08/16/2013 12:00:00 AM,US,Barry Green,301 286 2520,"20771(38.99538, -76.853161)",Greenbelt,MD,20771
Michoud Assembly Facility,Precision Cleaning Facility,1943,Active,02-03-2009 00:00,02/19/2013 12:00:00 AM,US,Ernest Graham,504.257-2619,"70189(29.950621, -90.074948)",New Orleans,LA,70189
NASA Aircraft Management Division,DFRC Gulfstream G-III Research Aircraft,,Active,10-07-2009 00:00,02/13/2013 12:00:00 AM,US,Hsien (Shen) Yen,202 358 4721,"20546(38.883239, -77.016473)",Washington,DC,20546
Michoud Assembly Facility,Riveting Facility,1943,Active,02-09-2009 00:00,02/19/2013 12:00:00 AM,US,Ernest Graham,504.257-2619,"70189(29.950621, -90.074948)",New Orleans,LA,70189
Jet Propulsion Lab,DSS 13 Antenna,1958,Active,03-01-1996 00:00,08-07-2013 00:00,US,Gary Gray,818.354.0701,"91109(34.178124, -118.150662)",PASADENA,CA,91109
Marshall Space Flight Center,EH Metals Processing Facility 4711,1958,Active,03-01-1996 00:00,06-02-2014 00:00,US,Pam Caruso,256-544-7795,"35812(34.729538, -86.585283)",Huntsville,AL,35812
Kennedy Space Center,North Wing/60680/HGR-AE ,1959,,03-01-1996 00:00,06/22/2015 12:00:00 AM,US,Sheryl Chaffee,321-867-8047,"32899(28.538331, -81.378879)",Kennedy Space Center,FL,32899
Langley Research Center,Helicopter Hover Facility/647,1977,Active,03-01-1996 00:00,02/15/2013 12:00:00 AM,US,Sherry Johnson,757.864-3848,"23681-2199(37.08681, -76.376649)",Hampton,VA,23681-2199
Marshall Space Flight Center,EH Computer Aided Design (CAD)Room 4708,1989,Active,05/29/1996 12:00:00 AM,06-02-2014 00:00,US,Pam Caruso,256-544-7795,"35812(34.729538, -86.585283)",Huntsville,AL,35812
Kennedy Space Center,Orbiter Processing Facility(OPF) HB 3/K6-696,1987,,03-01-1996 00:00,06/22/2015 12:00:00 AM,US,Sheryl Chaffee,321-867-8047,"32899(28.538331, -81.378879)",Kennedy Space Center,FL,32899
Glenn Research Center,Heated Tube Facility,,Inactive,06/15/2015 12:00:00 AM,06/15/2015 12:00:00 AM,US,Linda C. Elonen-Wright,216-433-9370,"44135(41.430364, -81.808561)",Cleveland,OH,44135
Marshall Space Flight Center,EH Hazardous Tribological Test Facility 4643,1960,Active,03-01-1996 00:00,06-02-2014 00:00,US,Pam Caruso,256-544-7795,"35812(34.729538, -86.585283)",Huntsville,AL,35812
Jet Propulsion Lab,Mirror Refurbishment Building,1992,Active,03-01-1996 00:00,08-08-2013 00:00,US,Gary Gray,818.354.0701,"91109(34.178124, -118.150662)",PASADENA,CA,91109
Goddard Space Flight Center,"500: NASA Communications Facility (NASCOM), B.14",1964,Active,03-01-1996 00:00,08/16/2013 12:00:00 AM,US,Barry Green,301 286 2520,"20771(38.99538, -76.853161)",Greenbelt,MD,20771
Kennedy Space Center,Airlock/M7-360/SSPF ,1995,,03-01-1996 00:00,06/22/2015 12:00:00 AM,US,Sheryl Chaffee,321-867-8047,"32899(28.538331, -81.378879)",Kennedy Space Center,FL,32899
Goddard Space Flight Center,"500 BDA: Antenna, 9m S-band",,Active,03-01-1996 00:00,08/15/2013 12:00:00 AM,US,Barry Green,301 286 2520,"20771(38.99538, -76.853161)",Greenbelt,MD,20771
Kennedy Space Center,High Bay Transfer Aisle/K6-848/VAB ,1966,,03-01-1996 00:00,06/22/2015 12:00:00 AM,US,Sheryl Chaffee,321-867-8047,"32899(28.538331, -81.378879)",Kennedy Space Center,FL,32899
Jet Propulsion Lab,Robotic Vehicle Lab,1948,Active,03-01-1996 00:00,08-08-2013 00:00,US,Gary Gray,818.354.0701,"91109(34.178124, -118.150662)",PASADENA,CA,91109
Goddard Space Flight Center,"700: Space Environment Simulator, Facility 290",1962,Active,03-01-1996 00:00,08/19/2013 12:00:00 AM,US,Barry Green,301 286 2520,"20771(38.99538, -76.853161)",Greenbelt,MD,20771
Marshall Space Flight Center,ET East Vibration Test Facility 4619,,Active,07-06-2010 00:00,03/31/2014 12:00:00 AM,US,Pam Caruso,256-544-7795,"35812(34.729538, -86.585283)",Huntsville,AL,35812
NASA Aircraft Management Division,DFRC DC-8 Earth Science Research Aircraft,,Active,10-07-2009 00:00,02/13/2013 12:00:00 AM,US,Hsien (Shen) Yen,202 358 4721,"20546(38.883239, -77.016473)",Washington,DC,20546
Kennedy Space Center,LPS Central Data Subsystem Area/2nd Flr/K6-900/LCC,1966,,03-01-1996 00:00,06/22/2015 12:00:00 AM,US,Sheryl Chaffee,321-867-8047,"32899(28.538331, -81.378879)",Kennedy Space Center,FL,32899
Johnson Space Center,Vibration Acoustic Test Facility - B-49,,Active,09/26/2012 12:00:00 AM,09/26/2012 12:00:00 AM,US,Charles Noel,281.483.3219,"77058(29.559177, -95.097897)",Houston,TX,77058
Marshall Space Flight Center,EM-20 Microwave NDE Facility 4702,,Active,08-11-2006 00:00,06-02-2014 00:00,US,Pam Caruso,256-544-7795,"35812(34.729538, -86.585283)",Huntsville,AL,35812
Ames Research Center,N237 - HYPERVELOCITY FREE FLIGHT AERODYNAMIC FACILITY (PAPAC),1964,Active,03-01-1996 00:00,06/13/2014 12:00:00 AM,US,Rocci Caringello,650 603-9506,"94035(37.41412, -122.052585)",Moffett Field,CA,94035
Kennedy Space Center,High Bay 2/1726/HGR-S ,1957,,03-01-1996 00:00,06/22/2015 12:00:00 AM,US,Sheryl Chaffee,321-867-8047,"32899(28.538331, -81.378879)",Kennedy Space Center,FL,32899
Jet Propulsion Lab,DSS 14 Antenna,1958,Active,03-01-1996 00:00,08-07-2013 00:00,US,Gary Gray,818.354.0701,"91109(34.178124, -118.150662)",PASADENA,CA,91109
Michoud Assembly Facility,Port Michoud Facility,1963,Active,01/29/2009 12:00:00 AM,02/19/2013 12:00:00 AM,US,Ernest Graham,504.257-2619,"70189(29.950621, -90.074948)",New Orleans,LA,70189
Langley Research Center,Information Systems Research Facility (2),1945,Active,03-01-1996 00:00,02/25/2013 12:00:00 AM,US,Sherry Johnson,757.864-3848,"23681-2199(37.08681, -76.376649)",Hampton,VA,23681-2199
Wallops Flight Facility/GSFC,Launch Range,1959,Active,03-01-1996 00:00,07-11-2013 00:00,US,Scott H. Schaire,757-824-1120,"23337-5099(37.911289, -75.469622)",Wallops Island,VA,23337-5099
Kennedy Space Center,Mobile Launcher Platform 3 ,1966,,03-01-1996 00:00,06/22/2015 12:00:00 AM,US,Sheryl Chaffee,321-867-8047,"32899(28.538331, -81.378879)",Kennedy Space Center,FL,32899
Marshall Space Flight Center,EP Transient Pressure Test Facility 4515 ,1987,Inactive,03-01-1996 00:00,03/31/2014 12:00:00 AM,US,Pam Caruso,256-544-7795,"35812(34.729538, -86.585283)",Huntsville,AL,35812
Kennedy Space Center,LCC Control Room 4/FR-4/Third Floor/K6-900 ,1966,,03-01-1996 00:00,06/22/2015 12:00:00 AM,US,Sheryl Chaffee,321-867-8047,"32899(28.538331, -81.378879)",Kennedy Space Center,FL,32899
Marshall Space Flight Center,ET Acoustic Test Facility 4619,1959,Active,03-01-1996 00:00,03/31/2014 12:00:00 AM,US,Pam Caruso,256-544-7795,"35812(34.729538, -86.585283)",Huntsville,AL,35812
Marshall Space Flight Center,"X-Ray & Cryogenic Facility (XRCF), 4718",1991,Active,03-01-1996 00:00,02/20/2015 12:00:00 AM,US,Pam Caruso,256-544-7795,"35812(34.729538, -86.585283)",Huntsville,AL,35812
Ames Research Center,N234 - THERMAL PROTECTION LAB: 2x9 INCH SUPERSONIC TURBULENT FLOW DUCT (PAPAC),1972,Active,03-01-1996 00:00,06-12-2014 00:00,US,Rocci Caringello,650 603-9506,"94035(37.41412, -122.052585)",Moffett Field,CA,94035
Michoud Assembly Facility,Heat Treating Facility,1943,Active,02-02-2009 00:00,02/19/2013 12:00:00 AM,US,Ernest Graham,504.257-2619,"70189(29.950621, -90.074948)",New Orleans,LA,70189
Marshall Space Flight Center,EH Environmental Replacement Tech. Lab 4707,1956,Active,03-01-1996 00:00,06-02-2014 00:00,US,Pam Caruso,256-544-7795,"35812(34.729538, -86.585283)",Huntsville,AL,35812
Marshall Space Flight Center,EV 400-Ft. Antenna Test Range 4194,1962,Active,03-01-1996 00:00,03/31/2014 12:00:00 AM,US,Pam Caruso,256-544-7795,"35812(34.729538, -86.585283)",Huntsville,AL,35812
Marshall Space Flight Center,EP Test Facility (TF116) 4540,1964,Active,03-01-1996 00:00,03/31/2014 12:00:00 AM,US,Pam Caruso,256-544-7795,"35812(34.729538, -86.585283)",Huntsville,AL,35812
Stennis Space Center,Engine Processing Building #3202,1965,Inactive,03-01-1996 00:00,04-06-2015 00:00,US,Robert Bruce,228-688-1646,"39529-6000(30.385948, -89.604486)",Stennis Space Center,MS,39529-6000
Jet Propulsion Lab,DSS 63 Antenna,1964,Active,03-01-1996 00:00,08-07-2013 00:00,US,Gary Gray,818.354.0701,"91109(34.178124, -118.150662)",PASADENA,CA,91109
Marshall Space Flight Center,"EV Engine Hardware Simulation Laboratory, 4436",1988,Active,03-01-1996 00:00,03/31/2014 12:00:00 AM,US,Pam Caruso,256-544-7795,"35812(34.729538, -86.585283)",Huntsville,AL,35812
Jet Propulsion Lab,Mesa Antenna Test Facility,1980,Active,03-01-1996 00:00,08-07-2013 00:00,US,Gary Gray,818.354.0701,"91109(34.178124, -118.150662)",PASADENA,CA,91109
Langley Research Center,Structures and Materials Lab,1940,Active,03-01-1996 00:00,02/25/2013 12:00:00 AM,US,Sherry Johnson,757.864-3848,"23681-2199(37.08681, -76.376649)",Hampton,VA,23681-2199
Marshall Space Flight Center,EP Cold Flow Position 4670 ,1965,,03-01-1996 00:00,03/31/2014 12:00:00 AM,US,Pam Caruso,256-544-7795,"35812(34.729538, -86.585283)",Huntsville,AL,35812
Glenn Research Center,"Structural Dynamics Laboratory, Bldg. 56",1949,Active,03-01-1996 00:00,03-04-2015 00:00,US,Linda C. Elonen-Wright,216-433-9370,"44135(41.430364, -81.808561)",Cleveland,OH,44135
Kennedy Space Center,Orbiter Processing Facility(OPF)Low Bay 3/K6-696,1987,,03-01-1996 00:00,06/22/2015 12:00:00 AM,US,Sheryl Chaffee,321-867-8047,"32899(28.538331, -81.378879)",Kennedy Space Center,FL,32899
NASA Aircraft Management Division,DFRC Ikhana (Predator B) Unmanned Aerial System,,Active,10-07-2009 00:00,02/13/2013 12:00:00 AM,US,Hsien (Shen) Yen,202 358 4721,"20546(38.883239, -77.016473)",Washington,DC,20546
Marshall Space Flight Center,ES BATSE Operations & Data Analysis Lab 4481,1990,Active,03-01-1996 00:00,03/31/2014 12:00:00 AM,US,Pam Caruso,256-544-7795,"35812(34.729538, -86.585283)",Huntsville,AL,35812
Kennedy Space Center,RPSF Surge Building #1/K6-0497 ,1984,,03-01-1996 00:00,06/22/2015 12:00:00 AM,US,Sheryl Chaffee,321-867-8047,"32899(28.538331, -81.378879)",Kennedy Space Center,FL,32899
Marshall Space Flight Center,EH Inert Propellant Development Lab 4767,1960,Active,03-01-1996 00:00,06-02-2014 00:00,US,Pam Caruso,256-544-7795,"35812(34.729538, -86.585283)",Huntsville,AL,35812
Stennis Space Center,Data Acquisition Facility (DAF) #4995,1966,Active,03-01-1996 00:00,04-06-2015 00:00,US,Robert Bruce,228-688-1646,"39529-6000(30.385948, -89.604486)",Stennis Space Center,MS,39529-6000
Kennedy Space Center,Orbiter Processing Facility(OPF) Bay 2/K6-894 ,1977,,03-01-1996 00:00,06/22/2015 12:00:00 AM,US,Sheryl Chaffee,321-867-8047,"32899(28.538331, -81.378879)",Kennedy Space Center,FL,32899
Kennedy Space Center,Support Areas/M7-360/SSPF ,1995,,03-01-1996 00:00,06/22/2015 12:00:00 AM,US,Sheryl Chaffee,321-867-8047,"32899(28.538331, -81.378879)",Kennedy Space Center,FL,32899
Jet Propulsion Lab,DSS 43 Antenna,1963,Active,03-01-1996 00:00,08-07-2013 00:00,US,Gary Gray,818.354.0701,"91109(34.178124, -118.150662)",PASADENA,CA,91109
Kennedy Space Center,High Bay 3 Cell/K6-848/VAB ,1966,,03-01-1996 00:00,06/22/2015 12:00:00 AM,US,Sheryl Chaffee,321-867-8047,"32899(28.538331, -81.378879)",Kennedy Space Center,FL,32899
Kennedy Space Center,Electromagnetic Laboratory/M6-336 ,1963,,03-01-1996 00:00,06/22/2015 12:00:00 AM,US,Sheryl Chaffee,321-867-8047,"32899(28.538331, -81.378879)",Kennedy Space Center,FL,32899
NASA Aircraft Management Division,DFRC Stratospheric Observatory for Infrared Astronomy (SOFIA) Aircraft,,Active,10-07-2009 00:00,02/13/2013 12:00:00 AM,US,Hsien (Shen) Yen,202 358 4721,"20546(38.883239, -77.016473)",Washington,DC,20546
Kennedy Space Center,High Bay Clean Room Complex/60680/HGR-AE,1959,,03-01-1996 00:00,06/22/2015 12:00:00 AM,US,Sheryl Chaffee,321-867-8047,"32899(28.538331, -81.378879)",Kennedy Space Center,FL,32899
Armstrong Flight Research Center,Bldg. 4982 - Aeronautical Tracking Facility,,Active,04/13/2010 12:00:00 AM,12/19/2014 12:00:00 AM,US,Facilities Utilization Officer,661-276-2585,"93523(35.000989, -117.888837)",Edwards,CA,93523
Marshall Space Flight Center,EV Contact Dynamics Simulation Lab (6DOF) 4663,1980,Active,03-01-1996 00:00,03/31/2014 12:00:00 AM,US,Pam Caruso,256-544-7795,"35812(34.729538, -86.585283)",Huntsville,AL,35812
Langley Research Center,Instrument Research Lab/1230,1946,Active,03-01-1996 00:00,02/25/2013 12:00:00 AM,US,Sherry Johnson,757.864-3848,"23681-2199(37.08681, -76.376649)",Hampton,VA,23681-2199
Marshall Space Flight Center,EH Robotic Workcell 4707,1956,Active,03-01-1996 00:00,06-02-2014 00:00,US,Pam Caruso,256-544-7795,"35812(34.729538, -86.585283)",Huntsville,AL,35812
Langley Research Center,Semi-Anecho Electromagnetic Comp Test Complex/B1220,1945,Active,06/22/2006 12:00:00 AM,02/25/2013 12:00:00 AM,US,Sherry Johnson,757.864-3848,"23681-2199(37.08681, -76.376649)",Hampton,VA,23681-2199
Goddard Space Flight Center,Vibration Test Facility - Exciter 2,,Active,07-07-2010 00:00,08/16/2013 12:00:00 AM,US,Barry Green,301 286 2520,"20771(38.99538, -76.853161)",Greenbelt,MD,20771
Goddard Space Flight Center,"Facility 225, Thermal Vacuum Chamber, B.7",1962,Active,03-01-1996 00:00,08/16/2013 12:00:00 AM,US,Barry Green,301 286 2520,"20771(38.99538, -76.853161)",Greenbelt,MD,20771
Stennis Space Center,Test Facility E-3 #4071,,Active,12-11-2000 00:00,04-06-2015 00:00,US,Robert Bruce,228-688-1646,"39529-6000(30.385948, -89.604486)",Stennis Space Center,MS,39529-6000
Marshall Space Flight Center,EM-20 Computed Tomography Facility 4707,1985,Active,03-01-1996 00:00,06-02-2014 00:00,US,Pam Caruso,256-544-7795,"35812(34.729538, -86.585283)",Huntsville,AL,35812
Jet Propulsion Lab,SOLAR TEST FACILITY,1985,Active,03-01-1996 00:00,08-08-2013 00:00,US,Gary Gray,818.354.0701,"91109(34.178124, -118.150662)",PASADENA,CA,91109
Kennedy Space Center,High Bay/Low Bay/Processing Rooms/M7-355/O&C,1963,,03-01-1996 00:00,06/22/2015 12:00:00 AM,US,Sheryl Chaffee,321-867-8047,"32899(28.538331, -81.378879)",Kennedy Space Center,FL,32899
Langley Research Center,Composite Material Development Laboratory/B1238B,1978,Active,03-01-1996 00:00,02/25/2013 12:00:00 AM,US,Sherry Johnson,757.864-3848,"23681-2199(37.08681, -76.376649)",Hampton,VA,23681-2199
Glenn Research Center,"Space Experiments Laboratory, Bldg. 110",1993,Active,03-01-1996 00:00,03-05-2015 00:00,US,Linda C. Elonen-Wright,216-433-9370,"44135(41.430364, -81.808561)",Cleveland,OH,44135
Langley Research Center,Quality Assurance & Inspection Lab/1232A,1946,Active,03-01-1996 00:00,02/25/2013 12:00:00 AM,US,Sherry Johnson,757.864-3848,"23681-2199(37.08681, -76.376649)",Hampton,VA,23681-2199
Stennis Space Center,Test Facility H-1 #5001,1995,Inactive,03-01-1996 00:00,04-06-2015 00:00,US,Robert Bruce,228-688-1646,"39529-6000(30.385948, -89.604486)",Stennis Space Center,MS,39529-6000
Marshall Space Flight Center,EH SRB-TPS (Thermal Protection Sys) Dev. 470,1956,Active,03-01-1996 00:00,06-02-2014 00:00,US,Pam Caruso,256-544-7795,"35812(34.729538, -86.585283)",Huntsville,AL,35812
Kennedy Space Center,"Ordnance Storage Fac/K7-255,-306,-356,-405,-506 ",1965,,03-01-1996 00:00,06/22/2015 12:00:00 AM,US,Sheryl Chaffee,321-867-8047,"32899(28.538331, -81.378879)",Kennedy Space Center,FL,32899
Stennis Space Center,Test Stand B-1 #4220,1965,Active,03-01-1996 00:00,04-06-2015 00:00,US,Robert Bruce,228-688-1646,"39529-6000(30.385948, -89.604486)",Stennis Space Center,MS,39529-6000
Kennedy Space Center,Logistics Facility/K6-1547/Shuttle ,1986,,03-01-1996 00:00,06/22/2015 12:00:00 AM,US,Sheryl Chaffee,321-867-8047,"32899(28.538331, -81.378879)",Kennedy Space Center,FL,32899
Armstrong Flight Research Center,Bldg. 4820 - Flight Loads Laboratory ,1966,Active,03-01-1996 00:00,07-10-2013 00:00,US,Facilities Utilization Officer,661-276-2585,"93523(35.000989, -117.888837)",Edwards,CA,93523
Goddard Space Flight Center,"500 MILA: Antenna, 4.3m S-band",1966,Active,03-01-1996 00:00,08/15/2013 12:00:00 AM,US,Barry Green,301 286 2520,"20771(38.99538, -76.853161)",Greenbelt,MD,20771
Ames Research Center,046 - AIRCRAFT MAINTENANCE HANGAR 2,1943,Active,10-05-2011 00:00,09-10-2014 00:00,US,Rocci Caringello,650 603-9506,"94035(37.41412, -122.052585)",Moffett Field,CA,94035
Wallops Flight Facility/GSFC,White Sands Missile Range,1964,Active,03-01-1996 00:00,07/19/2013 12:00:00 AM,US,Scott H. Schaire,757-824-1120,"23337-5099(37.911289, -75.469622)",Wallops Island,VA,23337-5099
Jet Propulsion Lab,Computer Vision Lab.,1948,Active,03-01-1996 00:00,08-07-2013 00:00,US,Gary Gray,818.354.0701,"91109(34.178124, -118.150662)",PASADENA,CA,91109
Marshall Space Flight Center,EH Advanced Bonding Technology Laboratory 4707,1956,Active,03-01-1996 00:00,05/30/2014 12:00:00 AM,US,Pam Caruso,256-544-7795,"35812(34.729538, -86.585283)",Huntsville,AL,35812
Marshall Space Flight Center,EP Test Cells 4583 ,1957,Active,03-01-1996 00:00,03/31/2014 12:00:00 AM,US,Pam Caruso,256-544-7795,"35812(34.729538, -86.585283)",Huntsville,AL,35812
Marshall Space Flight Center,EH Computerized Data Base System 4612,1960,Active,03-01-1996 00:00,06-02-2014 00:00,US,Pam Caruso,256-544-7795,"35812(34.729538, -86.585283)",Huntsville,AL,35812
Jet Propulsion Lab,Energy Conservation Laboratory High Bay Chamber,,Active,07-06-2010 00:00,08-07-2013 00:00,US,Gary Gray,818.354.0701,"91109(34.178124, -118.150662)",PASADENA,CA,91109
Marshall Space Flight Center,EH Heat Treat Shop 4704,1958,Active,03-01-1996 00:00,06-02-2014 00:00,US,Pam Caruso,256-544-7795,"35812(34.729538, -86.585283)",Huntsville,AL,35812
Langley Research Center,Low Frequency Antenna Test Facility,1965,Active,03-01-1996 00:00,02/25/2013 12:00:00 AM,US,Sherry Johnson,757.864-3848,"23681-2199(37.08681, -76.376649)",Hampton,VA,23681-2199
Marshall Space Flight Center,EM-20 Backscatter Radiography Facility 4711/4707,2002,Active,08-04-2006 00:00,06-02-2014 00:00,US,Pam Caruso,256-544-7795,"35812(34.729538, -86.585283)",Huntsville,AL,35812
Langley Research Center,Research Laboratory,1967,Active,03-01-1996 00:00,02/25/2013 12:00:00 AM,US,Sherry Johnson,757.864-3848,"23681-2199(37.08681, -76.376649)",Hampton,VA,23681-2199
Ames Research Center,N229 - EXPER. AEROTHERMODYNAMIC FAC.: ELECTRIC ARC SHOCK TUBE FACILITY (PAPAC),1961,Active,03-01-1996 00:00,06/13/2014 12:00:00 AM,US,Rocci Caringello,650 603-9506,"94035(37.41412, -122.052585)",Moffett Field,CA,94035
Goddard Space Flight Center,500: Mission Operations Center Facility,1961,Active,03-01-1996 00:00,08/16/2013 12:00:00 AM,US,Barry Green,301 286 2520,"20771(38.99538, -76.853161)",Greenbelt,MD,20771
Jet Propulsion Lab,Optical Laboratories,1993,Active,03-01-1996 00:00,08-08-2013 00:00,US,Gary Gray,818.354.0701,"91109(34.178124, -118.150662)",PASADENA,CA,91109
Goddard Space Flight Center,500 MILA : Merritt Island Tracking Station (MILA),1966,Active,03-01-1996 00:00,08/15/2013 12:00:00 AM,US,Barry Green,301 286 2520,"20771(38.99538, -76.853161)",Greenbelt,MD,20771
Glenn Research Center,Aerodynamics Flow Physics Facilities (ERB Complex),1942,Active,03-01-1996 00:00,03-04-2015 00:00,US,Linda C. Elonen-Wright,216-433-9370,"44135(41.430364, -81.808561)",Cleveland,OH,44135
Kennedy Space Center,"Crawler-Transporter, CT1 ",1966,,03-01-1996 00:00,06/22/2015 12:00:00 AM,US,Sheryl Chaffee,321-867-8047,"32899(28.538331, -81.378879)",Kennedy Space Center,FL,32899
Goddard Space Flight Center,500/WSC: Data Interface System,1977,Active,03-01-1996 00:00,08/16/2013 12:00:00 AM,US,Barry Green,301 286 2520,"20771(38.99538, -76.853161)",Greenbelt,MD,20771
Langley Research Center,Information Systems Research Facility (1),1945,Active,03-01-1996 00:00,02/25/2013 12:00:00 AM,US,Sherry Johnson,757.864-3848,"23681-2199(37.08681, -76.376649)",Hampton,VA,23681-2199
Goddard Space Flight Center,"700: SSDIF Clean Room, B.29",1990,Active,03-01-1996 00:00,08/16/2013 12:00:00 AM,US,Barry Green,301 286 2520,"20771(38.99538, -76.853161)",Greenbelt,MD,20771
Johnson Space Center,"Sonic Fatique Lab (SFL), B-49",,Active,07-08-2010 00:00,09/26/2012 12:00:00 AM,US,Charles Noel,281.483.3219,"77058(29.559177, -95.097897)",Houston,TX,77058
Kennedy Space Center,Facility Control Building/M7-1354/PHSF ,1985,,03-01-1996 00:00,06/22/2015 12:00:00 AM,US,Sheryl Chaffee,321-867-8047,"32899(28.538331, -81.378879)",Kennedy Space Center,FL,32899
Stennis Space Center,Sensor Laboratory #1105,1966,Active,03-01-1996 00:00,04-06-2015 00:00,US,Robert Bruce,228-688-1646,"39529-6000(30.385948, -89.604486)",Stennis Space Center,MS,39529-6000
Glenn Research Center,Reverberant Acoustic Test Facility (RATF),2011,Active,07-08-2010 00:00,03-05-2015 00:00,US,Linda C. Elonen-Wright,216-433-9370,"44135(41.430364, -81.808561)",Cleveland,OH,44135
Stennis Space Center,Emergency Power Generating System #4400,1966,Active,03-01-1996 00:00,04-06-2015 00:00,US,Robert Bruce,228-688-1646,"39529-6000(30.385948, -89.604486)",Stennis Space Center,MS,39529-6000
Kennedy Space Center,"SLF: KSC Shuttle Landing Facility, UK-27 ",1976,Active,03-01-1996 00:00,06/22/2015 12:00:00 AM,US,Sheryl Chaffee,321-867-8047,"32899(28.538331, -81.378879)",Kennedy Space Center,FL,32899
Kennedy Space Center,High Bay 4 Cell/K6-848/VAB ,1966,,03-01-1996 00:00,06/22/2015 12:00:00 AM,US,Sheryl Chaffee,321-867-8047,"32899(28.538331, -81.378879)",Kennedy Space Center,FL,32899
Armstrong Flight Research Center,Bldg. 4840 - Research Aircraft Integration Facility,1992,Active,03-01-1996 00:00,12/17/2014 12:00:00 AM,US,Facilities Utilization Officer,661-276-2585,"93523(35.000989, -117.888837)",Edwards,CA,93523
Marshall Space Flight Center,EV Flight Robotics Laboratory (Flat Floor) 4619,1983,Active,06-03-1996 00:00,03/31/2014 12:00:00 AM,US,Pam Caruso,256-544-7795,"35812(34.729538, -86.585283)",Huntsville,AL,35812
Jet Propulsion Lab,Thermal-Vacuum Chamber 144-TV-7,1961,Active,03-01-1996 00:00,08-08-2013 00:00,US,Gary Gray,818.354.0701,"91109(34.178124, -118.150662)",PASADENA,CA,91109
Marshall Space Flight Center,ET Flight Environmental Test Facility 4619,1962,Active,03-01-1996 00:00,02/26/2015 12:00:00 AM,US,Pam Caruso,256-544-7795,"35812(34.729538, -86.585283)",Huntsville,AL,35812
Stennis Space Center,Test Facility E-2 #4001,1994,Active,03-01-1996 00:00,04-06-2015 00:00,US,Robert Bruce,228-688-1646,"39529-6000(30.385948, -89.604486)",Stennis Space Center,MS,39529-6000
Langley Research Center,Thermal Structures Lab,1960,Active,03-01-1996 00:00,02/25/2013 12:00:00 AM,US,Sherry Johnson,757.864-3848,"23681-2199(37.08681, -76.376649)",Hampton,VA,23681-2199
Goddard Space Flight Center,Sensor Data Processing Facility,1965,Active,03-01-1996 00:00,08/16/2013 12:00:00 AM,US,Barry Green,301 286 2520,"20771(38.99538, -76.853161)",Greenbelt,MD,20771
Marshall Space Flight Center,EI Manned Habitat ECLSS Test Facility 4755,1985,Active,05/17/1996 12:00:00 AM,06-02-2014 00:00,US,Pam Caruso,256-544-7795,"35812(34.729538, -86.585283)",Huntsville,AL,35812
Marshall Space Flight Center,EH High-Temperature Heat Treating Fac 4767,1958,Active,03-01-1996 00:00,06-02-2014 00:00,US,Pam Caruso,256-544-7795,"35812(34.729538, -86.585283)",Huntsville,AL,35812
Marshall Space Flight Center,Filament Winding Lab 4707 ,1956,Active,03-01-1996 00:00,03/31/2014 12:00:00 AM,US,Pam Caruso,256-544-7795,"35812(34.729538, -86.585283)",Huntsville,AL,35812
Marshall Space Flight Center,ES Plasma Wind Tunnel 4481,1991,,03-01-1996 00:00,03/31/2014 12:00:00 AM,US,Pam Caruso,256-544-7795,"35812(34.729538, -86.585283)",Huntsville,AL,35812
Glenn Research Center,"2.2 Second Drop Tower, Bldg. 45",1958,Active,03-01-1996 00:00,03-04-2015 00:00,US,Linda C. Elonen-Wright,216-433-9370,"44135(41.430364, -81.808561)",Cleveland,OH,44135
Marshall Space Flight Center,"EM Chemistry Laboratories, Building 4612",1957,Active,03-01-1996 00:00,06-02-2014 00:00,US,Pam Caruso,256-544-7795,"35812(34.729538, -86.585283)",Huntsville,AL,35812
Marshall Space Flight Center,ES Earth Science & Appl.Computer Facility 4492,1991,,03-01-1996 00:00,03/31/2014 12:00:00 AM,US,Pam Caruso,256-544-7795,"35812(34.729538, -86.585283)",Huntsville,AL,35812
Glenn Research Center,"Power Systems Facility, Bldg. 333 & 333A",1989,Active,03-01-1996 00:00,03-04-2015 00:00,US,Linda C. Elonen-Wright,216-433-9370,"44135(41.430364, -81.808561)",Cleveland,OH,44135
Glenn Research Center,"Cryogenic Propellant Tank Fac. (K-Site), #2811",1965,Active,03-01-1996 00:00,03-05-2015 00:00,US,Linda C. Elonen-Wright,216-433-9370,"44135(41.430364, -81.808561)",Cleveland,OH,44135
Kennedy Space Center,Headquarters Building/M6-399 ,1965,Active,03-01-1996 00:00,06/22/2015 12:00:00 AM,US,Sheryl Chaffee,321-867-8047,"32899(28.538331, -81.378879)",Kennedy Space Center,FL,32899
Marshall Space Flight Center,"EM Bearing Test Facility, Bldg 4711",1960,Active,05/14/1996 12:00:00 AM,06-02-2014 00:00,US,Pam Caruso,256-544-7795,"35812(34.729538, -86.585283)",Huntsville,AL,35812
Marshall Space Flight Center,EH Surface Treatment Facility 4760,1960,Active,03-01-1996 00:00,06-02-2014 00:00,US,Pam Caruso,256-544-7795,"35812(34.729538, -86.585283)",Huntsville,AL,35812
Marshall Space Flight Center,EP Propulsion Technology Test Facility 4670,1965,,03-01-1996 00:00,03/31/2014 12:00:00 AM,US,Pam Caruso,256-544-7795,"35812(34.729538, -86.585283)",Huntsville,AL,35812
Marshall Space Flight Center,EM-20 Digital X-ray Laminography 4711,2006,Active,08-04-2006 00:00,06-02-2014 00:00,US,Pam Caruso,256-544-7795,"35812(34.729538, -86.585283)",Huntsville,AL,35812
Kennedy Space Center,LB Cells (4) Low Bay Area/West/K6-848/VAB ,1966,,03-01-1996 00:00,06/22/2015 12:00:00 AM,US,Sheryl Chaffee,321-867-8047,"32899(28.538331, -81.378879)",Kennedy Space Center,FL,32899
Michoud Assembly Facility,Vertical Assembly Facility,1963,Active,02-03-2009 00:00,02/19/2013 12:00:00 AM,US,Ernest Graham,504.257-2619,"70189(29.950621, -90.074948)",New Orleans,LA,70189
Marshall Space Flight Center,EH Plasma Arc Metal Cutting Facility 4738,1958,Active,03-01-1996 00:00,06-02-2014 00:00,US,Pam Caruso,256-544-7795,"35812(34.729538, -86.585283)",Huntsville,AL,35812
Marshall Space Flight Center,EM-20 Terahertz Imaging Facility 4711,2003,Active,08-04-2006 00:00,03/31/2014 12:00:00 AM,US,Pam Caruso,256-544-7795,"35812(34.729538, -86.585283)",Huntsville,AL,35812
Wallops Flight Facility/GSFC,Mobile Range Systems,1960,Active,03-01-1996 00:00,07/19/2013 12:00:00 AM,US,Scott H. Schaire,757-824-1120,"23337-5099(37.911289, -75.469622)",Wallops Island,VA,23337-5099
Marshall Space Flight Center,Fiber Placement Fac 4707 ,1956,Active,03-01-1996 00:00,03/31/2014 12:00:00 AM,US,Pam Caruso,256-544-7795,"35812(34.729538, -86.585283)",Huntsville,AL,35812
Michoud Assembly Facility,Component Ablator Facility Mix Room,1985,Active,04-06-2009 00:00,02/19/2013 12:00:00 AM,US,Ernest Graham,504.257-2619,"70189(29.950621, -90.074948)",New Orleans,LA,70189
Armstrong Flight Research Center,Bldg. 4800 - Research Development & Test Facility,1954,Active,04/13/2010 12:00:00 AM,12/19/2014 12:00:00 AM,US,Facilities Utilization Officer,661-276-2585,"93523(35.000989, -117.888837)",Edwards,CA,93523
Armstrong Flight Research Center,Bldg. 703 Mirror Coating Facility,,Active,03/25/2013 12:00:00 AM,07-10-2013 00:00,US,Facilities Utilization Officer,661-276-2585,"93523(35.000989, -117.888837)",Edwards,CA,93523
Michoud Assembly Facility,Chemical Cleaning Facility,1943,Active,01/28/2009 12:00:00 AM,02/19/2013 12:00:00 AM,US,Ernest Graham,504.257-2619,"70189(29.950621, -90.074948)",New Orleans,LA,70189
Glenn Research Center,"Propulsion Systems Laboratory, Bldg. 125",1972,Active,03-01-1996 00:00,03-04-2015 00:00,US,Linda C. Elonen-Wright,216-433-9370,"44135(41.430364, -81.808561)",Cleveland,OH,44135
Jet Propulsion Lab,"Atomic Oxygen Test Facility, 121-100",1965,Active,03-01-1996 00:00,08-07-2013 00:00,US,Gary Gray,818.354.0701,"91109(34.178124, -118.150662)",PASADENA,CA,91109
Marshall Space Flight Center,EP Solid Propulsion Test Facility 4520,,Active,03-01-1996 00:00,03/31/2014 12:00:00 AM,US,Pam Caruso,256-544-7795,"35812(34.729538, -86.585283)",Huntsville,AL,35812
Wallops Flight Facility/GSFC,McMurdo Ground Station (MGS),1994,Active,03-01-1996 00:00,07/19/2013 12:00:00 AM,US,Scott H. Schaire,757-824-1120,"23337-5099(37.911289, -75.469622)",Wallops Island,VA,23337-5099
Goddard Space Flight Center,"Facility 238, Thermal Vacuum Chamber, B.7",,Active,07-09-2010 00:00,08/16/2013 12:00:00 AM,US,Barry Green,301 286 2520,"20771(38.99538, -76.853161)",Greenbelt,MD,20771
Marshall Space Flight Center,EM Contamination Control Laboratories 4711,,Active,05/29/1996 12:00:00 AM,06-02-2014 00:00,US,Pam Caruso,256-544-7795,"35812(34.729538, -86.585283)",Huntsville,AL,35812
Glenn Research Center,Mechanical Vibration Facility,,Active,03-05-2015 00:00,,US,Linda C. Elonen-Wright,216-433-9370,"44135(41.430364, -81.808561)",Cleveland,OH,44135
Michoud Assembly Facility,LH2 Ablator Spray Facility,1980,Active,04-06-2009 00:00,02/19/2013 12:00:00 AM,US,Ernest Graham,504.257-2619,"70189(29.950621, -90.074948)",New Orleans,LA,70189
Marshall Space Flight Center,EO Huntsville Operations Support Center 4663,1959,Active,03-01-1996 00:00,03/31/2014 12:00:00 AM,US,Pam Caruso,256-544-7795,"35812(34.729538, -86.585283)",Huntsville,AL,35812
Kennedy Space Center,LCC Control Room 2/FR-2/Third Floor/K6-900 ,1966,,03-01-1996 00:00,06/22/2015 12:00:00 AM,US,Sheryl Chaffee,321-867-8047,"32899(28.538331, -81.378879)",Kennedy Space Center,FL,32899
Langley Research Center,Flight Systems Integration and Test Lab/B1250,1968,Active,06/22/2006 12:00:00 AM,02/25/2013 12:00:00 AM,US,Sherry Johnson,757.864-3848,"23681-2199(37.08681, -76.376649)",Hampton,VA,23681-2199
Marshall Space Flight Center,ET WTC - Wind Tunnel Complex 4732,1968,Active,03-01-1996 00:00,03/31/2014 12:00:00 AM,US,Pam Caruso,256-544-7795,"35812(34.729538, -86.585283)",Huntsville,AL,35812
Langley Research Center,Transonic Dynamics Tunnel,1960,Active,03-01-1996 00:00,02/25/2013 12:00:00 AM,US,Sherry Johnson,757.864-3848,"23681-2199(37.08681, -76.376649)",Hampton,VA,23681-2199
Goddard Space Flight Center,"500 MILA: Antenna, 9m S-band",1966,Active,03-01-1996 00:00,08/15/2013 12:00:00 AM,US,Barry Green,301 286 2520,"20771(38.99538, -76.853161)",Greenbelt,MD,20771
Stennis Space Center,"Barge, Liquid Hydrogen (3 each)",1965,Active,03-01-1996 00:00,04-06-2015 00:00,US,Robert Bruce,228-688-1646,"39529-6000(30.385948, -89.604486)",Stennis Space Center,MS,39529-6000
Jet Propulsion Lab,DSS 24 Antenna,1994,Active,03-01-1996 00:00,08-07-2013 00:00,US,Gary Gray,818.354.0701,"91109(34.178124, -118.150662)",PASADENA,CA,91109
Langley Research Center,Thermal Acoustic Fatigue Apparatus,,Active,08-02-2012 00:00,08-02-2012 00:00,US,Sherry Johnson,757.864-3848,"23681-2199(37.08681, -76.376649)",Hampton,VA,23681-2199
Langley Research Center,Flight Research Facility,1951,Active,03-01-1996 00:00,02/15/2013 12:00:00 AM,US,Sherry Johnson,757.864-3848,"23681-2199(37.08681, -76.376649)",Hampton,VA,23681-2199
Marshall Space Flight Center,ET Hazardous Structural Test Complex 4572 ,,Active,05-01-1996 00:00,03/31/2014 12:00:00 AM,US,Pam Caruso,256-544-7795,"35812(34.729538, -86.585283)",Huntsville,AL,35812
Marshall Space Flight Center,EB Doppler Lidar Facility 4467,1957,Active,03-01-1996 00:00,05/30/2014 12:00:00 AM,US,Pam Caruso,256-544-7795,"35812(34.729538, -86.585283)",Huntsville,AL,35812
Marshall Space Flight Center,ET Structural Dynamics Control Facility 4619,,Active,05-01-1996 00:00,03/31/2014 12:00:00 AM,US,Pam Caruso,256-544-7795,"35812(34.729538, -86.585283)",Huntsville,AL,35812
Langley Research Center,Experimental Avionics Systems Integration Lab,1951,Active,03-01-1996 00:00,02/15/2013 12:00:00 AM,US,Sherry Johnson,757.864-3848,"23681-2199(37.08681, -76.376649)",Hampton,VA,23681-2199
Marshall Space Flight Center,EP Hot Gas Test Facility 4554 ,1976,,03-01-1996 00:00,03/31/2014 12:00:00 AM,US,Pam Caruso,256-544-7795,"35812(34.729538, -86.585283)",Huntsville,AL,35812
Jet Propulsion Lab,25-Ft Space Simulator,1961,Active,03-01-1996 00:00,08-07-2013 00:00,US,Gary Gray,818.354.0701,"91109(34.178124, -118.150662)",PASADENA,CA,91109
Kennedy Space Center,Altitude Chambers/Deactivated/M7-355/O&C,1963,,03-01-1996 00:00,06/22/2015 12:00:00 AM,US,Sheryl Chaffee,321-867-8047,"32899(28.538331, -81.378879)",Kennedy Space Center,FL,32899
Langley Research Center,Compact Range Pilot Facility,1965,Active,03-01-1996 00:00,02/25/2013 12:00:00 AM,US,Sherry Johnson,757.864-3848,"23681-2199(37.08681, -76.376649)",Hampton,VA,23681-2199
Glenn Research Center,Learjet 25 Aircraft (N616NA),1942,Active,03-01-1996 00:00,03-04-2015 00:00,US,Linda C. Elonen-Wright,216-433-9370,"44135(41.430364, -81.808561)",Cleveland,OH,44135
Kennedy Space Center,Control Room /1726/HGR-S ,1957,,03-01-1996 00:00,06/22/2015 12:00:00 AM,US,Sheryl Chaffee,321-867-8047,"32899(28.538331, -81.378879)",Kennedy Space Center,FL,32899
Kennedy Space Center,"Crawler-Transporter, CT2 ",1966,,03-01-1996 00:00,06/22/2015 12:00:00 AM,US,Sheryl Chaffee,321-867-8047,"32899(28.538331, -81.378879)",Kennedy Space Center,FL,32899
Stennis Space Center,Science Laboratory #8110,1966,Active,03-01-1996 00:00,04-06-2015 00:00,US,Robert Bruce,228-688-1646,"39529-6000(30.385948, -89.604486)",Stennis Space Center,MS,39529-6000
Marshall Space Flight Center,ET Large Structure Quasi-Static Load Fac 4619,,Active,04/25/1996 12:00:00 AM,03/31/2014 12:00:00 AM,US,Pam Caruso,256-544-7795,"35812(34.729538, -86.585283)",Huntsville,AL,35812
Marshall Space Flight Center,Cosmic Ray Emulsion Laboratory 4481,1991,Inactive,03-01-1996 00:00,05/30/2014 12:00:00 AM,US,Pam Caruso,256-544-7795,"35812(34.729538, -86.585283)",Huntsville,AL,35812
Goddard Space Flight Center,500 BDA: Bermuda Tracking Station (BDA),,Active,03-01-1996 00:00,08/15/2013 12:00:00 AM,US,Barry Green,301 286 2520,"20771(38.99538, -76.853161)",Greenbelt,MD,20771
Michoud Assembly Facility,Major Component Cleaning Facility,1943,Inactive,02-02-2009 00:00,02/19/2013 12:00:00 AM,US,Ernest Graham,504.257-2619,"70189(29.950621, -90.074948)",New Orleans,LA,70189
Stennis Space Center,Industrial Water Reservoir #4325,1966,Active,03-01-1996 00:00,04-06-2015 00:00,US,Robert Bruce,228-688-1646,"39529-6000(30.385948, -89.604486)",Stennis Space Center,MS,39529-6000
Glenn Research Center,"1 Ft. x 1 Ft. Supersonic Wind Tunnel, Bldg. 37",1990,Active,03-01-1996 00:00,03-04-2015 00:00,US,Linda C. Elonen-Wright,216-433-9370,"44135(41.430364, -81.808561)",Cleveland,OH,44135
Marshall Space Flight Center,ET Cryogenic Structural Test Facility 4699 ,,Active,05-01-1996 00:00,03/31/2014 12:00:00 AM,US,Pam Caruso,256-544-7795,"35812(34.729538, -86.585283)",Huntsville,AL,35812
Kennedy Space Center,High Bay/M7-1354/PHSF ,1985,,03-01-1996 00:00,06/22/2015 12:00:00 AM,US,Sheryl Chaffee,321-867-8047,"32899(28.538331, -81.378879)",Kennedy Space Center,FL,32899
Marshall Space Flight Center,EH Foam Formulation Laboratory 4739,1956,Active,03-01-1996 00:00,06-02-2014 00:00,US,Pam Caruso,256-544-7795,"35812(34.729538, -86.585283)",Huntsville,AL,35812
Kennedy Space Center,HMF South Processing Bldg/East High Bay/M7-1212 ,1964,,03-01-1996 00:00,06/22/2015 12:00:00 AM,US,Sheryl Chaffee,321-867-8047,"32899(28.538331, -81.378879)",Kennedy Space Center,FL,32899
Jet Propulsion Lab,Remote Surface Lab,1972,Active,03-01-1996 00:00,08-08-2013 00:00,US,Gary Gray,818.354.0701,"91109(34.178124, -118.150662)",PASADENA,CA,91109
Glenn Research Center,DeHavilland DHC-6 Aircraft (N607NA),1942,Active,03-01-1996 00:00,03-04-2015 00:00,US,Linda C. Elonen-Wright,216-433-9370,"44135(41.430364, -81.808561)",Cleveland,OH,44135
Wallops Flight Facility/GSFC,Main Base Laboratories and Shops,1959,Active,03-01-1996 00:00,07/19/2013 12:00:00 AM,US,Scott H. Schaire,757-824-1120,"23337-5099(37.911289, -75.469622)",Wallops Island,VA,23337-5099
Glenn Research Center,"9 X 15 Low Speed Wind Tunnel, Bldg. 39",1969,Active,03-01-1996 00:00,03-04-2015 00:00,US,Linda C. Elonen-Wright,216-433-9370,"44135(41.430364, -81.808561)",Cleveland,OH,44135
Marshall Space Flight Center,"EM Materials Combustion Research Facility, Bldg 46",,Active,08-09-2006 00:00,06-02-2014 00:00,US,Pam Caruso,256-544-7795,"35812(34.729538, -86.585283)",Huntsville,AL,35812
Stennis Space Center,Measurement Standards & Calibration Lab #8100,1966,Active,03-01-1996 00:00,04-06-2015 00:00,US,Robert Bruce,228-688-1646,"39529-6000(30.385948, -89.604486)",Stennis Space Center,MS,39529-6000
Langley Research Center,Aircraft Landing Dynamics Facility/B1262,1956,Active,03-01-1996 00:00,02/25/2013 12:00:00 AM,US,Sherry Johnson,757.864-3848,"23681-2199(37.08681, -76.376649)",Hampton,VA,23681-2199
Goddard Space Flight Center,"500 WSC: Antenna, 10m S-band",1977,Active,03-01-1996 00:00,08/15/2013 12:00:00 AM,US,Barry Green,301 286 2520,"20771(38.99538, -76.853161)",Greenbelt,MD,20771
Glenn Research Center,Vacuum Facility 12 (VF-12) Bldg. 301,,Active,07/15/2010 12:00:00 AM,03-04-2015 00:00,US,Linda C. Elonen-Wright,216-433-9370,"44135(41.430364, -81.808561)",Cleveland,OH,44135
Stennis Space Center,"Repair, Fab. & Fluid Component Proc. #2201,2205,5A",1964,Active,03-01-1996 00:00,04-06-2015 00:00,US,Robert Bruce,228-688-1646,"39529-6000(30.385948, -89.604486)",Stennis Space Center,MS,39529-6000
Marshall Space Flight Center,ED Pump Test Equipment Facility 4777,1995,Active,05/30/1996 12:00:00 AM,05/30/2014 12:00:00 AM,US,Pam Caruso,256-544-7795,"35812(34.729538, -86.585283)",Huntsville,AL,35812
Marshall Space Flight Center,EL Ground Control Experiment Laboratory 4708,1958,Active,03-01-1996 00:00,06-02-2014 00:00,US,Pam Caruso,256-544-7795,"35812(34.729538, -86.585283)",Huntsville,AL,35812
Kennedy Space Center,Emergency Landing Sites (ELS) High Inclination ,1980,,03-01-1996 00:00,06/22/2015 12:00:00 AM,US,Sheryl Chaffee,321-867-8047,"32899(28.538331, -81.378879)",Kennedy Space Center,FL,32899
Michoud Assembly Facility,Machine Shop Facility,1943,Active,02-02-2009 00:00,02/19/2013 12:00:00 AM,US,Ernest Graham,504.257-2619,"70189(29.950621, -90.074948)",New Orleans,LA,70189
Kennedy Space Center,RPSF Support Building/K6-0495 ,1984,,03-01-1996 00:00,06/22/2015 12:00:00 AM,US,Sheryl Chaffee,321-867-8047,"32899(28.538331, -81.378879)",Kennedy Space Center,FL,32899
Marshall Space Flight Center,ES Low Energy Ion Facility 4481 ,1974,Active,03-01-1996 00:00,03/31/2014 12:00:00 AM,US,Pam Caruso,256-544-7795,"35812(34.729538, -86.585283)",Huntsville,AL,35812
Marshall Space Flight Center,EH Spray-On Foam Insulation (SOFI) Lab 4707,1956,Active,03-01-1996 00:00,06-02-2014 00:00,US,Pam Caruso,256-544-7795,"35812(34.729538, -86.585283)",Huntsville,AL,35812
Langley Research Center,Nozzle Test Chamber,1952,Active,03-01-1996 00:00,02/25/2013 12:00:00 AM,US,Sherry Johnson,757.864-3848,"23681-2199(37.08681, -76.376649)",Hampton,VA,23681-2199
Kennedy Space Center,Intermediate Bay/M7-360/SSPF ,1995,,03-01-1996 00:00,06/22/2015 12:00:00 AM,US,Sheryl Chaffee,321-867-8047,"32899(28.538331, -81.378879)",Kennedy Space Center,FL,32899
Langley Research Center,Radiation Physics Computer Laboratory,1965,Active,03-01-1996 00:00,02/25/2013 12:00:00 AM,US,Sherry Johnson,757.864-3848,"23681-2199(37.08681, -76.376649)",Hampton,VA,23681-2199
Kennedy Space Center,Thermal Protection System (TPS)/K6-0794 ,1988,,03-01-1996 00:00,06/22/2015 12:00:00 AM,US,Sheryl Chaffee,321-867-8047,"32899(28.538331, -81.378879)",Kennedy Space Center,FL,32899
Glenn Research Center,Vacuum Facility 16 (VF-16) Bldg. 16,,Active,07/15/2010 12:00:00 AM,03-04-2015 00:00,US,Linda C. Elonen-Wright,216-433-9370,"44135(41.430364, -81.808561)",Cleveland,OH,44135
Kennedy Space Center,Turn Basin/K7-1005 ,1963,,03-01-1996 00:00,06/22/2015 12:00:00 AM,US,Sheryl Chaffee,321-867-8047,"32899(28.538331, -81.378879)",Kennedy Space Center,FL,32899
Langley Research Center,Diode Characterization & Test Lab (B-1202),,Active,12-06-2005 00:00,02/25/2013 12:00:00 AM,US,Sherry Johnson,757.864-3848,"23681-2199(37.08681, -76.376649)",Hampton,VA,23681-2199
NASA Aircraft Management Division,DFRC F-15B/D Research Aircraft,,Active,11-04-2009 00:00,02/13/2013 12:00:00 AM,US,Hsien (Shen) Yen,202 358 4721,"20546(38.883239, -77.016473)",Washington,DC,20546
Jet Propulsion Lab,DSS 15 Antenna,1958,Active,03-01-1996 00:00,08-07-2013 00:00,US,Gary Gray,818.354.0701,"91109(34.178124, -118.150662)",PASADENA,CA,91109
Marshall Space Flight Center,EM Space Environmental Effects Facility 4605,1970,Active,03-01-1996 00:00,06-02-2014 00:00,US,Pam Caruso,256-544-7795,"35812(34.729538, -86.585283)",Huntsville,AL,35812
Marshall Space Flight Center,Composites Development Facility 4707,1956,Active,03-01-1996 00:00,05/30/2014 12:00:00 AM,US,Pam Caruso,256-544-7795,"35812(34.729538, -86.585283)",Huntsville,AL,35812
Glenn Research Center,"Statics Test Laboratory, Bldg. 5 (ERB Complex)",1942,Active,03-01-1996 00:00,03-04-2015 00:00,US,Linda C. Elonen-Wright,216-433-9370,"44135(41.430364, -81.808561)",Cleveland,OH,44135
Ames Research Center,N234A - THERMAL PROTECTION LAB BOILER: STEAM VACUUM SYSTEM (PAPAC),1962,Active,03-01-1996 00:00,06-12-2014 00:00,US,Rocci Caringello,650 603-9506,"94035(37.41412, -122.052585)",Moffett Field,CA,94035
Kennedy Space Center,SRB Recovery Facility/66250/HGR-AF ,1963,,03-01-1996 00:00,06/22/2015 12:00:00 AM,US,Sheryl Chaffee,321-867-8047,"32899(28.538331, -81.378879)",Kennedy Space Center,FL,32899
Ames Research Center,N204A - SPACE TECHNOLOGY BUILDING: AMES VERTICAL GUN RANGE (PAPAC),1966,Active,03-01-1996 00:00,06-12-2014 00:00,US,Rocci Caringello,650 603-9506,"94035(37.41412, -122.052585)",Moffett Field,CA,94035
Jet Propulsion Lab,DSS 45 Antenna,1963,Active,03-01-1996 00:00,08-07-2013 00:00,US,Gary Gray,818.354.0701,"91109(34.178124, -118.150662)",PASADENA,CA,91109
Glenn Research Center,Vacuum Facility 7 (VF-7) Bldg. 16,,Active,07/15/2010 12:00:00 AM,03-04-2015 00:00,US,Linda C. Elonen-Wright,216-433-9370,"44135(41.430364, -81.808561)",Cleveland,OH,44135
Kennedy Space Center,Airlock/1726/HGR-S,1957,Active,03-01-1996 00:00,06/22/2015 12:00:00 AM,US,Sheryl Chaffee,321-867-8047,"32899(28.538331, -81.378879)",Kennedy Space Center,FL,32899
Langley Research Center,Hypersonic Propulsion Facility,1946,Active,03-01-1996 00:00,02/15/2013 12:00:00 AM,US,Sherry Johnson,757.864-3848,"23681-2199(37.08681, -76.376649)",Hampton,VA,23681-2199
Stennis Space Center,Push Boat,1965,Active,03-01-1996 00:00,04-06-2015 00:00,US,Robert Bruce,228-688-1646,"39529-6000(30.385948, -89.604486)",Stennis Space Center,MS,39529-6000
Kennedy Space Center,Orbiter Processing Fac.(OPF) Low Bay Area/K6-894,1977,,03-01-1996 00:00,06/22/2015 12:00:00 AM,US,Sheryl Chaffee,321-867-8047,"32899(28.538331, -81.378879)",Kennedy Space Center,FL,32899
Ames Research Center,N238 - ARC JET LABORATORY: INTERACTION HEATING FACILITY (PAPAC),1975,Active,03-01-1996 00:00,06/13/2014 12:00:00 AM,US,Rocci Caringello,650 603-9506,"94035(37.41412, -122.052585)",Moffett Field,CA,94035
NASA Aircraft Management Division,DFRC B-200 Super Kingair Research/Support Aircraft,,Active,11-04-2009 00:00,02/13/2013 12:00:00 AM,US,Hsien (Shen) Yen,202 358 4721,"20546(38.883239, -77.016473)",Washington,DC,20546
Marshall Space Flight Center,EH High Pres. Ignit. Promoted Combust.Test System,1960,Active,03-01-1996 00:00,06-02-2014 00:00,US,Pam Caruso,256-544-7795,"35812(34.729538, -86.585283)",Huntsville,AL,35812
Glenn Research Center,Turbomachinery Technology Facilities (ERB Complex),1942,Active,03-01-1996 00:00,03-04-2015 00:00,US,Linda C. Elonen-Wright,216-433-9370,"44135(41.430364, -81.808561)",Cleveland,OH,44135
Wallops Flight Facility/GSFC,Wallops Orbital Tracking Station,1960,Active,03-01-1996 00:00,07/19/2013 12:00:00 AM,US,Scott H. Schaire,757-824-1120,"23337-5099(37.911289, -75.469622)",Wallops Island,VA,23337-5099
Kennedy Space Center,Mobile Launcher Platform 1 ,1966,,03-01-1996 00:00,06/22/2015 12:00:00 AM,US,Sheryl Chaffee,321-867-8047,"32899(28.538331, -81.378879)",Kennedy Space Center,FL,32899
Marshall Space Flight Center,EM-20 Automated Ultrasonics Laboratory 4702,,Active,08-11-2006 00:00,06-02-2014 00:00,US,Pam Caruso,256-544-7795,"35812(34.729538, -86.585283)",Huntsville,AL,35812
Langley Research Center,Structural Dynamics Research Lab,1963,Active,03-01-1996 00:00,02/25/2013 12:00:00 AM,US,Sherry Johnson,757.864-3848,"23681-2199(37.08681, -76.376649)",Hampton,VA,23681-2199
Marshall Space Flight Center,EI MSFC Electromagnetic Interference (EMI) Test Fa,1995,Active,03-01-1996 00:00,06-02-2014 00:00,US,Pam Caruso,256-544-7795,"35812(34.729538, -86.585283)",Huntsville,AL,35812
Wallops Flight Facility/GSFC,Meteorological Facilities and ASRF,1959,Active,03-01-1996 00:00,07/19/2013 12:00:00 AM,US,Scott H. Schaire,757-824-1120,"23337-5099(37.911289, -75.469622)",Wallops Island,VA,23337-5099
Goddard Space Flight Center,700: Environmental Test Engineering & Integration,1962,Active,03-01-1996 00:00,08/16/2013 12:00:00 AM,US,Barry Green,301 286 2520,"20771(38.99538, -76.853161)",Greenbelt,MD,20771
Kennedy Space Center,Emergency Landing Sites (ELS) Low Inclination ,1980,,03-01-1996 00:00,06/22/2015 12:00:00 AM,US,Sheryl Chaffee,321-867-8047,"32899(28.538331, -81.378879)",Kennedy Space Center,FL,32899
Langley Research Center,Vibration Laboratory,,Active,08-01-2012 00:00,08-01-2012 00:00,US,Sherry Johnson,757.864-3848,"23681-2199(37.08681, -76.376649)",Hampton,VA,23681-2199
Glenn Research Center,Electro Magnetic Interference (EMI) Lab,1942,Active,03-01-1996 00:00,03-04-2015 00:00,US,Linda C. Elonen-Wright,216-433-9370,"44135(41.430364, -81.808561)",Cleveland,OH,44135
Ames Research Center,DYNAVAC THERMAL VACUUM CHAMBER,2010,Active,10/29/2014 12:00:00 AM,10/29/2014 12:00:00 AM,US,Rocci Caringello,650 603-9506,"94035(37.41412, -122.052585)",Moffett Field,CA,94035
Marshall Space Flight Center,EH Frictional Heating Test System 4623,1960,Active,03-01-1996 00:00,06-02-2014 00:00,US,Pam Caruso,256-544-7795,"35812(34.729538, -86.585283)",Huntsville,AL,35812
Glenn Research Center,Aeropropulsion Heat Transfer Technology Facilities,1942,Active,03-01-1996 00:00,03-04-2015 00:00,US,Linda C. Elonen-Wright,216-433-9370,"44135(41.430364, -81.808561)",Cleveland,OH,44135
Marshall Space Flight Center,"EM Mechanical Materials Test Facility, Bldg 4612",,Active,08-08-2006 00:00,06-02-2014 00:00,US,Pam Caruso,256-544-7795,"35812(34.729538, -86.585283)",Huntsville,AL,35812
Marshall Space Flight Center,V20 Thermal Vacuum Chamber - 4619,,Active,07/18/2010 12:00:00 AM,02/20/2015 12:00:00 AM,US,Pam Caruso,256-544-7795,"35812(34.729538, -86.585283)",Huntsville,AL,35812
Langley Research Center,16-Meter Thermal Vacuum Chamber,1963,Active,03-01-1996 00:00,08-02-2012 00:00,US,Sherry Johnson,757.864-3848,"23681-2199(37.08681, -76.376649)",Hampton,VA,23681-2199
Langley Research Center,Automated Structures Assembly Lab,1945,Active,03-01-1996 00:00,02/25/2013 12:00:00 AM,US,Sherry Johnson,757.864-3848,"23681-2199(37.08681, -76.376649)",Hampton,VA,23681-2199
NASA Aircraft Management Division,LaRC B-200 Super King Air Research Aircraft,,Active,11-04-2009 00:00,07/22/2013 12:00:00 AM,US,Hsien (Shen) Yen,202 358 4721,"20546(38.883239, -77.016473)",Washington,DC,20546
Kennedy Space Center,Processing Control Center/K6-1094 ,1992,,03-01-1996 00:00,06/22/2015 12:00:00 AM,US,Sheryl Chaffee,321-867-8047,"32899(28.538331, -81.378879)",Kennedy Space Center,FL,32899
Langley Research Center,Investment Casting Development Lab/B1237A,,Active,06/15/2006 12:00:00 AM,02/25/2013 12:00:00 AM,US,Sherry Johnson,757.864-3848,"23681-2199(37.08681, -76.376649)",Hampton,VA,23681-2199
Glenn Research Center,Thermal/Vacuum Chamber,,Active,03-05-2015 00:00,,US,Linda C. Elonen-Wright,216-433-9370,"44135(41.430364, -81.808561)",Cleveland,OH,44135
Marshall Space Flight Center,"EM-20 Penetrant, Optical and Magnetic Particle Lab",,Active,08-11-2006 00:00,06-02-2014 00:00,US,Pam Caruso,256-544-7795,"35812(34.729538, -86.585283)",Huntsville,AL,35812
Goddard Space Flight Center,"500 WSC: Antenna, 19m S/Ku-band",1977,Active,03-01-1996 00:00,08/16/2013 12:00:00 AM,US,Barry Green,301 286 2520,"20771(38.99538, -76.853161)",Greenbelt,MD,20771
Marshall Space Flight Center,EV Flight Simulation Lab 4476 ,1963,Inactive,03-01-1996 00:00,03/31/2014 12:00:00 AM,US,Pam Caruso,256-544-7795,"35812(34.729538, -86.585283)",Huntsville,AL,35812
Michoud Assembly Facility,Friction Stir Welding Facility,1943,Active,02-09-2009 00:00,02/19/2013 12:00:00 AM,US,Ernest Graham,504.257-2619,"70189(29.950621, -90.074948)",New Orleans,LA,70189
Marshall Space Flight Center,EH Metallurgical Diagnostics Laboratory 4612,1961,Active,03-01-1996 00:00,06-02-2014 00:00,US,Pam Caruso,256-544-7795,"35812(34.729538, -86.585283)",Huntsville,AL,35812
Marshall Space Flight Center,EH Non-Optical NDE Facility 4702,,Active,05/28/1996 12:00:00 AM,06-02-2014 00:00,US,Pam Caruso,256-544-7795,"35812(34.729538, -86.585283)",Huntsville,AL,35812
NASA Aircraft Management Division,ARC Scientific Instrumentation Evaluation Remote Research Aircraft (SIERRA),,Active,11-04-2009 00:00,07/22/2013 12:00:00 AM,US,Hsien (Shen) Yen,202 358 4721,"20546(38.883239, -77.016473)",Washington,DC,20546
Marshall Space Flight Center,EP Test Facility (TF500) 4522 ,1966,Active,03-01-1996 00:00,03/31/2014 12:00:00 AM,US,Pam Caruso,256-544-7795,"35812(34.729538, -86.585283)",Huntsville,AL,35812
Marshall Space Flight Center,EI Space Systems Integration and Test Facility 4,1992,Active,03-01-1996 00:00,06-02-2014 00:00,US,Pam Caruso,256-544-7795,"35812(34.729538, -86.585283)",Huntsville,AL,35812
Kennedy Space Center,RPSF Contractor Support Building/K6-0445 ,1984,,03-01-1996 00:00,06/22/2015 12:00:00 AM,US,Sheryl Chaffee,321-867-8047,"32899(28.538331, -81.378879)",Kennedy Space Center,FL,32899
NASA Aircraft Management Division,WFF C-23 Sherpa Airborne Research Aircraft,,Active,02/13/2013 12:00:00 AM,,US,Hsien (Shen) Yen,202 358 4721,"20546(38.883239, -77.016473)",Washington,DC,20546
Kennedy Space Center,Mobile Launcher Platform 2 ,1966,,03-01-1996 00:00,06/22/2015 12:00:00 AM,US,Sheryl Chaffee,321-867-8047,"32899(28.538331, -81.378879)",Kennedy Space Center,FL,32899
Marshall Space Flight Center,EB Radio Frequency Development Lab 4189,1957,Active,03-01-1996 00:00,05/30/2014 12:00:00 AM,US,Pam Caruso,256-544-7795,"35812(34.729538, -86.585283)",Huntsville,AL,35812
Kennedy Space Center,"Corrosion Test Site, K8-0237",2000,Active,05-11-1998 00:00,06/22/2015 12:00:00 AM,US,Sheryl Chaffee,321-867-8047,"32899(28.538331, -81.378879)",Kennedy Space Center,FL,32899
Marshall Space Flight Center,EM-20 Acoustic Emission Facility 4711,1992,Active,08-04-2006 00:00,06-02-2014 00:00,US,Pam Caruso,256-544-7795,"35812(34.729538, -86.585283)",Huntsville,AL,35812
Stennis Space Center,Electrical Distribution System #0010,1964,Active,03-01-1996 00:00,04-06-2015 00:00,US,Robert Bruce,228-688-1646,"39529-6000(30.385948, -89.604486)",Stennis Space Center,MS,39529-6000
Jet Propulsion Lab,Space Flight Operations Facility,1964,Active,03-01-1996 00:00,08-08-2013 00:00,US,Gary Gray,818.354.0701,"91109(34.178124, -118.150662)",PASADENA,CA,91109
Langley Research Center,National Transonic Facility,1982,Active,03-01-1996 00:00,02/25/2013 12:00:00 AM,US,Sherry Johnson,757.864-3848,"23681-2199(37.08681, -76.376649)",Hampton,VA,23681-2199
Glenn Research Center,Complex of Thirteen Space Test Chambers (Bldg.16),1942,Active,03-01-1996 00:00,03-04-2015 00:00,US,Linda C. Elonen-Wright,216-433-9370,"44135(41.430364, -81.808561)",Cleveland,OH,44135
Marshall Space Flight Center,"EM Environmental Gas/Toxic Offgassing Lab, Bldg 46",1960,Active,03-01-1996 00:00,06-02-2014 00:00,US,Pam Caruso,256-544-7795,"35812(34.729538, -86.585283)",Huntsville,AL,35812
Marshall Space Flight Center,EV Battery Test Laboratory 4475 ,1964,Active,03-01-1996 00:00,03/31/2014 12:00:00 AM,US,Pam Caruso,256-544-7795,"35812(34.729538, -86.585283)",Huntsville,AL,35812
Marshall Space Flight Center,EB Electrical Power Systems Test Fac 4475,1964,Active,03-01-1996 00:00,05/30/2014 12:00:00 AM,US,Pam Caruso,256-544-7795,"35812(34.729538, -86.585283)",Huntsville,AL,35812
Glenn Research Center,Combustion and Aerochemistry Technology Facilities,1942,Active,03-01-1996 00:00,03-04-2015 00:00,US,Linda C. Elonen-Wright,216-433-9370,"44135(41.430364, -81.808561)",Cleveland,OH,44135
Glenn Research Center,"8 x 6 Supersonic Wind Tunnel, Bldgs. 39, 53 & 54",1948,Active,03-01-1996 00:00,03-04-2015 00:00,US,Linda C. Elonen-Wright,216-433-9370,"44135(41.430364, -81.808561)",Cleveland,OH,44135
Stennis Space Center,Propellant Transfer & Storage Facility #3414,1965,Active,03-01-1996 00:00,04-06-2015 00:00,US,Robert Bruce,228-688-1646,"39529-6000(30.385948, -89.604486)",Stennis Space Center,MS,39529-6000
Glenn Research Center,Small Multi-Purpose Research Facility,,Active,03-05-2015 00:00,06/15/2015 12:00:00 AM,US,Linda C. Elonen-Wright,216-433-9370,"44135(41.430364, -81.808561)",Cleveland,OH,44135
Marshall Space Flight Center,ET Component/System Quasi-Static Load Fac 4619,1959,Active,04/25/1996 12:00:00 AM,03/31/2014 12:00:00 AM,US,Pam Caruso,256-544-7795,"35812(34.729538, -86.585283)",Huntsville,AL,35812
Johnson Space Center,"Chamber A, EC, B-32 ",1964,Under Rehabilitation,03-01-1996 00:00,09/26/2012 12:00:00 AM,US,Charles Noel,281.483.3219,"77058(29.559177, -95.097897)",Houston,TX,77058
Glenn Research Center,"Zero Gravity Research Facility, (Bldg. 110)",1993,Active,03-01-1996 00:00,03-04-2015 00:00,US,Linda C. Elonen-Wright,216-433-9370,"44135(41.430364, -81.808561)",Cleveland,OH,44135
Glenn Research Center,Electric Power Lab - Vacuum Facility 6 (VF-6),1961,Active,03-01-1996 00:00,03-04-2015 00:00,US,Linda C. Elonen-Wright,216-433-9370,"44135(41.430364, -81.808561)",Cleveland,OH,44135
Kennedy Space Center,RPSF Surge Building #2/K6-0345 ,1984,,03-01-1996 00:00,06/22/2015 12:00:00 AM,US,Sheryl Chaffee,321-867-8047,"32899(28.538331, -81.378879)",Kennedy Space Center,FL,32899
Langley Research Center,Intelligent Sys Res Lab/Hydrau Manipulator Testbed,1945,Active,03-01-1996 00:00,02/25/2013 12:00:00 AM,US,Sherry Johnson,757.864-3848,"23681-2199(37.08681, -76.376649)",Hampton,VA,23681-2199
Marshall Space Flight Center,EP Mechanisms Development Facility 4656 ,1965,,03-01-1996 00:00,03/31/2014 12:00:00 AM,US,Pam Caruso,256-544-7795,"35812(34.729538, -86.585283)",Huntsville,AL,35812
Langley Research Center,Materials Processing and Development Lab,1960,Active,03-01-1996 00:00,02/19/2013 12:00:00 AM,US,Sherry Johnson,757.864-3848,"23681-2199(37.08681, -76.376649)",Hampton,VA,23681-2199
Marshall Space Flight Center,"EM Tribology Test Laboratory, Building 4711",1960,Active,03-01-1996 00:00,06-02-2014 00:00,US,Pam Caruso,256-544-7795,"35812(34.729538, -86.585283)",Huntsville,AL,35812
Johnson Space Center,"Chamber B, EC, B-32 ",1964,Active,03-01-1996 00:00,09/26/2012 12:00:00 AM,US,Charles Noel,281.483.3219,"77058(29.559177, -95.097897)",Houston,TX,77058
Langley Research Center,Intravehicular Automation and Robotics Lab,1945,Active,03-01-1996 00:00,02/25/2013 12:00:00 AM,US,Sherry Johnson,757.864-3848,"23681-2199(37.08681, -76.376649)",Hampton,VA,23681-2199
Kennedy Space Center,Central Instrumentation Facility (CIF)/M6-342 ,1965,,03-01-1996 00:00,06/22/2015 12:00:00 AM,US,Sheryl Chaffee,321-867-8047,"32899(28.538331, -81.378879)",Kennedy Space Center,FL,32899
Jet Propulsion Lab,Lidar Facility,1973,Active,03-01-1996 00:00,08-07-2013 00:00,US,Gary Gray,818.354.0701,"91109(34.178124, -118.150662)",PASADENA,CA,91109
Michoud Assembly Facility,Component Ablator Facility SLA Spray Room,1985,Active,04-07-2009 00:00,02/19/2013 12:00:00 AM,US,Ernest Graham,504.257-2619,"70189(29.950621, -90.074948)",New Orleans,LA,70189
Marshall Space Flight Center,EM-20 Contact Ultrasonics Laboratory 4702,,Active,08-11-2006 00:00,06-02-2014 00:00,US,Pam Caruso,256-544-7795,"35812(34.729538, -86.585283)",Huntsville,AL,35812
Marshall Space Flight Center,EM-20 Phased Array Ultrasonic Laboratory 4702,,Active,08-11-2006 00:00,06-02-2014 00:00,US,Pam Caruso,256-544-7795,"35812(34.729538, -86.585283)",Huntsville,AL,35812
Goddard Space Flight Center,TDRSS Control Center,1977,Active,03-01-1996 00:00,08/16/2013 12:00:00 AM,US,Barry Green,301 286 2520,"20771(38.99538, -76.853161)",Greenbelt,MD,20771
Marshall Space Flight Center,EH Rubber Fabrication Laboratory 4612,1960,Active,03-01-1996 00:00,06-02-2014 00:00,US,Pam Caruso,256-544-7795,"35812(34.729538, -86.585283)",Huntsville,AL,35812
Langley Research Center,Microelectronics Development Lab (B-1238A),,Active,12-06-2005 00:00,02/25/2013 12:00:00 AM,US,Sherry Johnson,757.864-3848,"23681-2199(37.08681, -76.376649)",Hampton,VA,23681-2199
NASA Aircraft Management Division,LaRC HU-25C Falcon Research Aircraft,,Active,07/22/2013 12:00:00 AM,,US,Hsien (Shen) Yen,202 358 4721,"20546(38.883239, -77.016473)",Washington,DC,20546
Langley Research Center,High Heat Flux Facility,1940,Active,03-01-1996 00:00,02/19/2013 12:00:00 AM,US,Sherry Johnson,757.864-3848,"23681-2199(37.08681, -76.376649)",Hampton,VA,23681-2199
Jet Propulsion Lab,Thermal Vacuum Chamber 144-TV-10,1964,Active,07-06-2010 00:00,08-08-2013 00:00,US,Gary Gray,818.354.0701,"91109(34.178124, -118.150662)",PASADENA,CA,91109
Marshall Space Flight Center,Vacuum Drop Tube Facility 4550 ,1965,Inactive,03-01-1996 00:00,03/31/2014 12:00:00 AM,US,Pam Caruso,256-544-7795,"35812(34.729538, -86.585283)",Huntsville,AL,35812
Marshall Space Flight Center,ET Dynamics Test Stand (4550),,Inactive,08-11-2006 00:00,03/31/2014 12:00:00 AM,US,Pam Caruso,256-544-7795,"35812(34.729538, -86.585283)",Huntsville,AL,35812
Glenn Research Center,Vacuum Facility 11 (VF-11) Bldg. 16,,Active,07/15/2010 12:00:00 AM,03-04-2015 00:00,US,Linda C. Elonen-Wright,216-433-9370,"44135(41.430364, -81.808561)",Cleveland,OH,44135
Marshall Space Flight Center,Low Gravity Materials Science Facility 4550,1991,Inactive,03-01-1996 00:00,03/31/2014 12:00:00 AM,US,Pam Caruso,256-544-7795,"35812(34.729538, -86.585283)",Huntsville,AL,35812
Marshall Space Flight Center,EP Data Recording and Control Facility 4674 ,1964,Active,03-01-1996 00:00,03/31/2014 12:00:00 AM,US,Pam Caruso,256-544-7795,"35812(34.729538, -86.585283)",Huntsville,AL,35812
Glenn Research Center,Plumbrook Engineering Building,1966,Active,03-01-1996 00:00,03-05-2015 00:00,US,Linda C. Elonen-Wright,216-433-9370,"44135(41.430364, -81.808561)",Cleveland,OH,44135
Glenn Research Center,Cryogenics Components Laboratory,,Active,03-05-2015 00:00,,US,Linda C. Elonen-Wright,216-433-9370,"44135(41.430364, -81.808561)",Cleveland,OH,44135
Goddard Space Flight Center,Vibration Test Facility - Exciter 1,,Active,07-07-2010 00:00,08/16/2013 12:00:00 AM,US,Barry Green,301 286 2520,"20771(38.99538, -76.853161)",Greenbelt,MD,20771
Marshall Space Flight Center,ED Liquid Rocket Engine Air Flow Fac 4777,1985,Active,03-01-1996 00:00,05/30/2014 12:00:00 AM,US,Pam Caruso,256-544-7795,"35812(34.729538, -86.585283)",Huntsville,AL,35812
Langley Research Center,Fabrication Lab,1958,Active,03-01-1996 00:00,02/25/2013 12:00:00 AM,US,Sherry Johnson,757.864-3848,"23681-2199(37.08681, -76.376649)",Hampton,VA,23681-2199
Marshall Space Flight Center,ED Water Flow Inducer Test Loop 4777,1985,Active,03-01-1996 00:00,05/30/2014 12:00:00 AM,US,Pam Caruso,256-544-7795,"35812(34.729538, -86.585283)",Huntsville,AL,35812
Jet Propulsion Lab,CTA-21,1955,Active,03-01-1996 00:00,08-07-2013 00:00,US,Gary Gray,818.354.0701,"91109(34.178124, -118.150662)",PASADENA,CA,91109
Langley Research Center,"Flight Simulation Facilities, B1268A and B1268D",,Active,07-06-2009 00:00,02/15/2013 12:00:00 AM,US,Sherry Johnson,757.864-3848,"23681-2199(37.08681, -76.376649)",Hampton,VA,23681-2199
Goddard Space Flight Center,700: Cryogenic Research and Integration Facility,1994,Active,03-01-1996 00:00,08/16/2013 12:00:00 AM,US,Barry Green,301 286 2520,"20771(38.99538, -76.853161)",Greenbelt,MD,20771
Goddard Space Flight Center,"500 BDA: Radar, FPQ-6",,Active,03-01-1996 00:00,08/15/2013 12:00:00 AM,US,Barry Green,301 286 2520,"20771(38.99538, -76.853161)",Greenbelt,MD,20771
Marshall Space Flight Center,"EM Long-Duration Lubricant Test Laboratory, Bldg 4",,Active,08-09-2006 00:00,06-02-2014 00:00,US,Pam Caruso,256-544-7795,"35812(34.729538, -86.585283)",Huntsville,AL,35812
Kennedy Space Center,Launch Pad 39A/J8-1708 ,1965,,03-01-1996 00:00,06/22/2015 12:00:00 AM,US,Sheryl Chaffee,321-867-8047,"32899(28.538331, -81.378879)",Kennedy Space Center,FL,32899
Langley Research Center,Low Turbulence Pressure Tunnel,1940,Inactive,03-01-1996 00:00,02/25/2013 12:00:00 AM,US,Sherry Johnson,757.864-3848,"23681-2199(37.08681, -76.376649)",Hampton,VA,23681-2199
Marshall Space Flight Center,EB Straylight Facility 4487,1957,Active,03-01-1996 00:00,05/30/2014 12:00:00 AM,US,Pam Caruso,256-544-7795,"35812(34.729538, -86.585283)",Huntsville,AL,35812
Kennedy Space Center,High Bay/M7-360/SSPF ,1995,,03-01-1996 00:00,06/22/2015 12:00:00 AM,US,Sheryl Chaffee,321-867-8047,"32899(28.538331, -81.378879)",Kennedy Space Center,FL,32899
NASA Aircraft Management Division,DFRC F/A-18 Research Aircraft,,Active,11-04-2009 00:00,02/13/2013 12:00:00 AM,US,Hsien (Shen) Yen,202 358 4721,"20546(38.883239, -77.016473)",Washington,DC,20546
Wallops Flight Facility/GSFC,Poker Flat Research Range & SAR Facility,1970,Active,03-01-1996 00:00,07/19/2013 12:00:00 AM,US,Scott H. Schaire,757-824-1120,"23337-5099(37.911289, -75.469622)",Wallops Island,VA,23337-5099
Michoud Assembly Facility,Component Painting Facility,,Active,02-02-2009 00:00,02/19/2013 12:00:00 AM,US,Ernest Graham,504.257-2619,"70189(29.950621, -90.074948)",New Orleans,LA,70189
Kennedy Space Center,LCC Control Room 3/FR-3/Third Floor/K6-900 ,1966,,03-01-1996 00:00,06/22/2015 12:00:00 AM,US,Sheryl Chaffee,321-867-8047,"32899(28.538331, -81.378879)",Kennedy Space Center,FL,32899
Langley Research Center,20-Inch Mach CF4 Tunnel,1960,Inactive,03-01-1996 00:00,01/28/2013 12:00:00 AM,US,Sherry Johnson,757.864-3848,"23681-2199(37.08681, -76.376649)",Hampton,VA,23681-2199
Stennis Space Center,High Pressure Industrial Water Plant #4400,1966,Active,03-01-1996 00:00,04-06-2015 00:00,US,Robert Bruce,228-688-1646,"39529-6000(30.385948, -89.604486)",Stennis Space Center,MS,39529-6000
Ames Research Center,N234 - THERMAL PROTECTION LAB: AERODYNAMIC HEATING FACILITY (PAPAC),1962,Active,03-01-1996 00:00,06/13/2014 12:00:00 AM,US,Rocci Caringello,650 603-9506,"94035(37.41412, -122.052585)",Moffett Field,CA,94035
Jet Propulsion Lab,24 inch Telescope,1965,Active,03-01-1996 00:00,08-07-2013 00:00,US,Gary Gray,818.354.0701,"91109(34.178124, -118.150662)",PASADENA,CA,91109
Jet Propulsion Lab,DSS 12 Antenna,1958,Inactive,03-01-1996 00:00,08-07-2013 00:00,US,Gary Gray,818.354.0701,"91109(34.178124, -118.150662)",PASADENA,CA,91109
Kennedy Space Center,Central Frame Low Bay/60680/HGR-AE ,1959,,03-01-1996 00:00,06/22/2015 12:00:00 AM,US,Sheryl Chaffee,321-867-8047,"32899(28.538331, -81.378879)",Kennedy Space Center,FL,32899
NASA Aircraft Management Division,LaRC Lancair Columbia 300 Research Aircraft,,Inactive,11-04-2009 00:00,02/13/2013 12:00:00 AM,US,Hsien (Shen) Yen,202 358 4721,"20546(38.883239, -77.016473)",Washington,DC,20546
Kennedy Space Center,LB Cells (4) Low Bay Area/East/K6-848/VAB ,1966,,03-01-1996 00:00,06/22/2015 12:00:00 AM,US,Sheryl Chaffee,321-867-8047,"32899(28.538331, -81.378879)",Kennedy Space Center,FL,32899
Marshall Space Flight Center,"EM Metrology Laboratory, Building 4711",,Active,08-09-2006 00:00,06-02-2014 00:00,US,Pam Caruso,256-544-7795,"35812(34.729538, -86.585283)",Huntsville,AL,35812
Jet Propulsion Lab,DSS 61 Antenna,1964,Active,03-01-1996 00:00,08-07-2013 00:00,US,Gary Gray,818.354.0701,"91109(34.178124, -118.150662)",PASADENA,CA,91109
Kennedy Space Center,High Bay/Processing Area/M7-1104/MPPF ,1994,,03-01-1996 00:00,06/22/2015 12:00:00 AM,US,Sheryl Chaffee,321-867-8047,"32899(28.538331, -81.378879)",Kennedy Space Center,FL,32899
Kennedy Space Center,High Bay Towers (6)/K6-848/VAB ,1966,,03-01-1996 00:00,06/22/2015 12:00:00 AM,US,Sheryl Chaffee,321-867-8047,"32899(28.538331, -81.378879)",Kennedy Space Center,FL,32899
NASA Aircraft Management Division,GRC DHC-6 Twin Otter Research Aircraft,,Active,11-04-2009 00:00,07/22/2013 12:00:00 AM,US,Hsien (Shen) Yen,202 358 4721,"20546(38.883239, -77.016473)",Washington,DC,20546
Kennedy Space Center,Orbiter Processing Facility(OPF) Bay 1/K6-894 ,1977,,03-01-1996 00:00,06/22/2015 12:00:00 AM,US,Sheryl Chaffee,321-867-8047,"32899(28.538331, -81.378879)",Kennedy Space Center,FL,32899
Marshall Space Flight Center,Neutral Buoyancy Facility 4705 ,1968,Inactive,03-01-1996 00:00,03/31/2014 12:00:00 AM,US,Pam Caruso,256-544-7795,"35812(34.729538, -86.585283)",Huntsville,AL,35812
Stennis Space Center,Cryogenics Docks #0008,1965,Active,03-01-1996 00:00,04-06-2015 00:00,US,Robert Bruce,228-688-1646,"39529-6000(30.385948, -89.604486)",Stennis Space Center,MS,39529-6000
Ames Research Center,N237 - HYPERVELOCITY FREE FLIGHT GUN DEVELOPMENT FACILITY (PAPAC),1964,Inactive,03-01-1996 00:00,07/19/2013 12:00:00 AM,US,Rocci Caringello,650 603-9506,"94035(37.41412, -122.052585)",Moffett Field,CA,94035
Marshall Space Flight Center,EM Electrostatic Levitator Materials Characterizat,,Active,08-04-2006 00:00,06-02-2014 00:00,US,Pam Caruso,256-544-7795,"35812(34.729538, -86.585283)",Huntsville,AL,35812
Marshall Space Flight Center,EP Hydrocarbon (HC) Engine Test Fac 4696,1963,Inactive,03-01-1996 00:00,03/31/2014 12:00:00 AM,US,Pam Caruso,256-544-7795,"35812(34.729538, -86.585283)",Huntsville,AL,35812
Marshall Space Flight Center,EH Ceramics Coatings & High Temp Mat.Lab 4612,1960,Active,03-01-1996 00:00,06-02-2014 00:00,US,Pam Caruso,256-544-7795,"35812(34.729538, -86.585283)",Huntsville,AL,35812
NASA Aircraft Management Division,LaRC OV-10G Research Aircraft,,Inactive,11-04-2009 00:00,02/13/2013 12:00:00 AM,US,Hsien (Shen) Yen,202 358 4721,"20546(38.883239, -77.016473)",Washington,DC,20546
Armstrong Flight Research Center,Bldg. 0703 - Dryden Aircraft Operations Facility,,Active,04/13/2010 12:00:00 AM,12/17/2014 12:00:00 AM,US,Facilities Utilization Officer,661-276-2585,"93523(35.000989, -117.888837)",Edwards,CA,93523
Kennedy Space Center,Canister Rotation Facility/M7-777 ,1992,,03-01-1996 00:00,06/22/2015 12:00:00 AM,US,Sheryl Chaffee,321-867-8047,"32899(28.538331, -81.378879)",Kennedy Space Center,FL,32899
Kennedy Space Center,Support Areas/1726/HGR-S ,1957,,03-01-1996 00:00,06/22/2015 12:00:00 AM,US,Sheryl Chaffee,321-867-8047,"32899(28.538331, -81.378879)",Kennedy Space Center,FL,32899
Jet Propulsion Lab,Large Shaker Dynamics Test Facility,1964,Active,03-01-1996 00:00,08-07-2013 00:00,US,Gary Gray,818.354.0701,"91109(34.178124, -118.150662)",PASADENA,CA,91109
Ames Research Center,N238 - ARC JET LABORATORY: PANEL TEST FACILITY (PAPAC),1972,Active,03-01-1996 00:00,06-12-2014 00:00,US,Rocci Caringello,650 603-9506,"94035(37.41412, -122.052585)",Moffett Field,CA,94035
Goddard Space Flight Center,600: Plasma Calibration Facility,1960,Active,03-01-1996 00:00,08/16/2013 12:00:00 AM,US,Barry Green,301 286 2520,"20771(38.99538, -76.853161)",Greenbelt,MD,20771
Kennedy Space Center,Payload Canister (P70-0870) 2 EA ,1979,,03-01-1996 00:00,06/22/2015 12:00:00 AM,US,Sheryl Chaffee,321-867-8047,"32899(28.538331, -81.378879)",Kennedy Space Center,FL,32899
Michoud Assembly Facility,High Bay Facility,1982,Active,02-03-2009 00:00,02/19/2013 12:00:00 AM,US,Ernest Graham,504.257-2619,"70189(29.950621, -90.074948)",New Orleans,LA,70189
Goddard Space Flight Center,"500/WSC: Antenna, 4.5m S/Ku-band",1977,Active,03-01-1996 00:00,08/16/2013 12:00:00 AM,US,Barry Green,301 286 2520,"20771(38.99538, -76.853161)",Greenbelt,MD,20771
Stennis Space Center,Test Stand B-2 #4221,1965,Under Rehabilitation,12-11-2000 00:00,04-06-2015 00:00,US,Robert Bruce,228-688-1646,"39529-6000(30.385948, -89.604486)",Stennis Space Center,MS,39529-6000
Kennedy Space Center,Payload Shipping Container (Hubble) (P70-0870) ,1986,,03-01-1996 00:00,06/22/2015 12:00:00 AM,US,Sheryl Chaffee,321-867-8047,"32899(28.538331, -81.378879)",Kennedy Space Center,FL,32899
Ames Research Center,N206A - 12 FOOT PRESSURE WIND TUNNEL AUXILIARIES (PAPAC),1946,Active,03-01-1996 00:00,11/22/2013 12:00:00 AM,US,Rocci Caringello,650 603-9506,"94035(37.41412, -122.052585)",Moffett Field,CA,94035
Langley Research Center,Metal Technology Development Lab/1232A,1946,Active,06-09-2006 00:00,02/25/2013 12:00:00 AM,US,Sherry Johnson,757.864-3848,"23681-2199(37.08681, -76.376649)",Hampton,VA,23681-2199
Stennis Space Center,"High Pressure Gas Facility #0041,3305,6,9,10,11",1966,Active,03-01-1996 00:00,04-06-2015 00:00,US,Robert Bruce,228-688-1646,"39529-6000(30.385948, -89.604486)",Stennis Space Center,MS,39529-6000
Glenn Research Center,Creek Road Cryogenic Complex Cell 7,,Active,06/15/2015 12:00:00 AM,,US,Linda C. Elonen-Wright,216-433-9370,"44135(41.430364, -81.808561)",Cleveland,OH,44135
Stennis Space Center,Test Stand A-1 #4120,1967,Active,03-01-1996 00:00,04-06-2015 00:00,US,Robert Bruce,228-688-1646,"39529-6000(30.385948, -89.604486)",Stennis Space Center,MS,39529-6000
Kennedy Space Center,ASRM Kneel Down Transporter ,1993,,03-01-1996 00:00,06/22/2015 12:00:00 AM,US,Sheryl Chaffee,321-867-8047,"32899(28.538331, -81.378879)",Kennedy Space Center,FL,32899
Marshall Space Flight Center,EB LAB Anechoic Test Chamber 4190,1965,Active,06-10-1996 00:00,05/30/2014 12:00:00 AM,US,Pam Caruso,256-544-7795,"35812(34.729538, -86.585283)",Huntsville,AL,35812
Langley Research Center,Experimental Test Range,1990,Active,03-01-1996 00:00,02/25/2013 12:00:00 AM,US,Sherry Johnson,757.864-3848,"23681-2199(37.08681, -76.376649)",Hampton,VA,23681-2199
Glenn Research Center,"Icing Research Tunnel (IRT), Bldg #11",1943,Active,03-01-1996 00:00,03-04-2015 00:00,US,Linda C. Elonen-Wright,216-433-9370,"44135(41.430364, -81.808561)",Cleveland,OH,44135
Langley Research Center,Ceramic & Glass Laboratory (B-1237A),1978,Active,03-01-1996 00:00,02/13/2013 12:00:00 AM,US,Sherry Johnson,757.864-3848,"23681-2199(37.08681, -76.376649)",Hampton,VA,23681-2199
Armstrong Flight Research Center,Bldg. 4824 - Communications Building,,Active,04/13/2010 12:00:00 AM,12/19/2014 12:00:00 AM,US,Facilities Utilization Officer,661-276-2585,"93523(35.000989, -117.888837)",Edwards,CA,93523
Kennedy Space Center,RPSF Shop/Storage Building/K6-0446 ,1984,,03-01-1996 00:00,06/22/2015 12:00:00 AM,US,Sheryl Chaffee,321-867-8047,"32899(28.538331, -81.378879)",Kennedy Space Center,FL,32899
Langley Research Center,Nondestructive Evaluation Lab,1988,Active,03-01-1996 00:00,02/25/2013 12:00:00 AM,US,Sherry Johnson,757.864-3848,"23681-2199(37.08681, -76.376649)",Hampton,VA,23681-2199
Michoud Assembly Facility,Thermal Protection System Area,1963,Active,04-06-2009 00:00,02/19/2013 12:00:00 AM,US,Ernest Graham,504.257-2619,"70189(29.950621, -90.074948)",New Orleans,LA,70189
Stennis Space Center,A Complex Test Control Center (TCC) #4110,1966,Active,03-01-1996 00:00,04-06-2015 00:00,US,Robert Bruce,228-688-1646,"39529-6000(30.385948, -89.604486)",Stennis Space Center,MS,39529-6000
Glenn Research Center,"Hypersonic Tunnel Facility (HTF), #3411",1966,Active,03-01-1996 00:00,03-04-2015 00:00,US,Linda C. Elonen-Wright,216-433-9370,"44135(41.430364, -81.808561)",Cleveland,OH,44135
Langley Research Center,Low Pressure Physics Laboratory,1965,Active,03-01-1996 00:00,02/25/2013 12:00:00 AM,US,Sherry Johnson,757.864-3848,"23681-2199(37.08681, -76.376649)",Hampton,VA,23681-2199
Kennedy Space Center,Payload Canister Transporter (P70-0559) ,1979,,03-01-1996 00:00,06/22/2015 12:00:00 AM,US,Sheryl Chaffee,321-867-8047,"32899(28.538331, -81.378879)",Kennedy Space Center,FL,32899
Langley Research Center,Infrared Detector Calib & Charac Lab (B-1202),,Active,12-06-2005 00:00,02/25/2013 12:00:00 AM,US,Sherry Johnson,757.864-3848,"23681-2199(37.08681, -76.376649)",Hampton,VA,23681-2199
NASA Aircraft Management Division,GRC S-3B Viking Research Aircraft,,Active,11-04-2009 00:00,07/22/2013 12:00:00 AM,US,Hsien (Shen) Yen,202 358 4721,"20546(38.883239, -77.016473)",Washington,DC,20546
Marshall Space Flight Center,EB Marshall Avionics Sys. Testbed (MAST) 4487,1963,Active,03-01-1996 00:00,05/30/2014 12:00:00 AM,US,Pam Caruso,256-544-7795,"35812(34.729538, -86.585283)",Huntsville,AL,35812
Michoud Assembly Facility,Harness Fabrication Facility,1943,Active,02-02-2009 00:00,02/19/2013 12:00:00 AM,US,Ernest Graham,504.257-2619,"70189(29.950621, -90.074948)",New Orleans,LA,70189
Marshall Space Flight Center,EB Solar Array Test Facility 4475,1964,Active,03-01-1996 00:00,05/30/2014 12:00:00 AM,US,Pam Caruso,256-544-7795,"35812(34.729538, -86.585283)",Huntsville,AL,35812
Marshall Space Flight Center,ES Dist Active Archive Center 917 Expl. Blvd.,1991,,03-01-1996 00:00,03/31/2014 12:00:00 AM,US,Pam Caruso,256-544-7795,"35812(34.729538, -86.585283)",Huntsville,AL,35812
Stennis Space Center,"Barge, Liquid Oxygen (6 each)",1965,Active,03-01-1996 00:00,04-06-2015 00:00,US,Robert Bruce,228-688-1646,"39529-6000(30.385948, -89.604486)",Stennis Space Center,MS,39529-6000
Stennis Space Center,Hydrogen Transfer Facility #3415,1965,Active,03-01-1996 00:00,04-06-2015 00:00,US,Robert Bruce,228-688-1646,"39529-6000(30.385948, -89.604486)",Stennis Space Center,MS,39529-6000
Kennedy Space Center,Radioisotope Thermal Generator Facility/M7-1472 ,1960,,03-01-1996 00:00,06/22/2015 12:00:00 AM,US,Sheryl Chaffee,321-867-8047,"32899(28.538331, -81.378879)",Kennedy Space Center,FL,32899
Marshall Space Flight Center,ED Liquid/Solid Rocket Eng Water Flow Fac 4776,1985,Active,03-01-1996 00:00,05/30/2014 12:00:00 AM,US,Pam Caruso,256-544-7795,"35812(34.729538, -86.585283)",Huntsville,AL,35812
Kennedy Space Center,LCC Control Room 1/FR-1/Third Floor/K6-900 ,1966,,03-01-1996 00:00,06/22/2015 12:00:00 AM,US,Sheryl Chaffee,321-867-8047,"32899(28.538331, -81.378879)",Kennedy Space Center,FL,32899
Langley Research Center,Jet Noise Laboratory,1995,Active,03-01-1996 00:00,02/25/2013 12:00:00 AM,US,Sherry Johnson,757.864-3848,"23681-2199(37.08681, -76.376649)",Hampton,VA,23681-2199
Marshall Space Flight Center,EM SEE: Atomic Oxygen & Solar UV Lab 4711,,Active,05/29/1996 12:00:00 AM,06-02-2014 00:00,US,Pam Caruso,256-544-7795,"35812(34.729538, -86.585283)",Huntsville,AL,35812
Kennedy Space Center,Operations Support Building/K6-1096,1990,,03-01-1996 00:00,06/22/2015 12:00:00 AM,US,Sheryl Chaffee,321-867-8047,"32899(28.538331, -81.378879)",Kennedy Space Center,FL,32899
Goddard Space Flight Center,Acoustic Test Facility Building 10,,Active,07-08-2010 00:00,08/16/2013 12:00:00 AM,US,Barry Green,301 286 2520,"20771(38.99538, -76.853161)",Greenbelt,MD,20771
Marshall Space Flight Center,EL Systems and Payloads Test Facilities 4708,1958,Active,03-01-1996 00:00,06-02-2014 00:00,US,Pam Caruso,256-544-7795,"35812(34.729538, -86.585283)",Huntsville,AL,35812
Langley Research Center,Landing and Impact Research Facility,1966,Active,03-01-1996 00:00,02/25/2013 12:00:00 AM,US,Sherry Johnson,757.864-3848,"23681-2199(37.08681, -76.376649)",Hampton,VA,23681-2199
Marshall Space Flight Center,EM Hydrogen (H2) Test Facility 4628,1961,Active,03-01-1996 00:00,06-02-2014 00:00,US,Pam Caruso,256-544-7795,"35812(34.729538, -86.585283)",Huntsville,AL,35812
Goddard Space Flight Center,500 Flight Dynamics Facility,1961,Active,03-01-1996 00:00,08/16/2013 12:00:00 AM,US,Barry Green,301 286 2520,"20771(38.99538, -76.853161)",Greenbelt,MD,20771
Marshall Space Flight Center,Subscale Rocket Motor Processing Fac 4707,1956,Active,03-01-1996 00:00,03/31/2014 12:00:00 AM,US,Pam Caruso,256-544-7795,"35812(34.729538, -86.585283)",Huntsville,AL,35812
Marshall Space Flight Center,EH Ambient & High Pressure LOX/GOX Facility 4623,1960,Active,03-01-1996 00:00,05/30/2014 12:00:00 AM,US,Pam Caruso,256-544-7795,"35812(34.729538, -86.585283)",Huntsville,AL,35812
Marshall Space Flight Center,ED Coldflow R & D Test Complex 4776,1985,Active,03-01-1996 00:00,05/30/2014 12:00:00 AM,US,Pam Caruso,256-544-7795,"35812(34.729538, -86.585283)",Huntsville,AL,35812
Goddard Space Flight Center,700: High Capacity Centrifuge (HCC),1965,Active,03-01-1996 00:00,08/16/2013 12:00:00 AM,US,Barry Green,301 286 2520,"20771(38.99538, -76.853161)",Greenbelt,MD,20771
Marshall Space Flight Center,EB Audio Reverberant Facility 4477,1991,Active,03-01-1996 00:00,05/30/2014 12:00:00 AM,US,Pam Caruso,256-544-7795,"35812(34.729538, -86.585283)",Huntsville,AL,35812
Marshall Space Flight Center,EB Precision Optical Facility 4487,1968,Active,03-01-1996 00:00,05/30/2014 12:00:00 AM,US,Pam Caruso,256-544-7795,"35812(34.729538, -86.585283)",Huntsville,AL,35812
Kennedy Space Center,Payload Support Facility/M7-505 ,1962,,03-01-1996 00:00,06/22/2015 12:00:00 AM,US,Sheryl Chaffee,321-867-8047,"32899(28.538331, -81.378879)",Kennedy Space Center,FL,32899
Marshall Space Flight Center,EV LAB 1/2 Mile Antenna Test Range 4194 ,1976,Active,03-01-1996 00:00,03/31/2014 12:00:00 AM,US,Pam Caruso,256-544-7795,"35812(34.729538, -86.585283)",Huntsville,AL,35812
NASA Aircraft Management Division,DFRC RQ-4 Global Hawk Unmanned Aerial System,,Active,10-07-2009 00:00,02/13/2013 12:00:00 AM,US,Hsien (Shen) Yen,202 358 4721,"20546(38.883239, -77.016473)",Washington,DC,20546
Michoud Assembly Facility,Component Ablator Facility SLA Spray Preparation Area,1985,Active,04-06-2009 00:00,02/19/2013 12:00:00 AM,US,Ernest Graham,504.257-2619,"70189(29.950621, -90.074948)",New Orleans,LA,70189
Marshall Space Flight Center,EH Hazardous Machining Facility 4759,1958,Active,03-01-1996 00:00,06-02-2014 00:00,US,Pam Caruso,256-544-7795,"35812(34.729538, -86.585283)",Huntsville,AL,35812
Glenn Research Center,"10 x 10 Supersonic Wind Tunnel, Bldg. 85",1955,Active,03-01-1996 00:00,03-04-2015 00:00,US,Linda C. Elonen-Wright,216-433-9370,"44135(41.430364, -81.808561)",Cleveland,OH,44135
NASA Aircraft Management Division,LaRC Cessna 206 Stationair Research Aircraft,,Active,11-04-2009 00:00,07/22/2013 12:00:00 AM,US,Hsien (Shen) Yen,202 358 4721,"20546(38.883239, -77.016473)",Washington,DC,20546
Kennedy Space Center,Orbiter Processing Facility(OPF) Annex/K6-894 ,1977,,03-01-1996 00:00,06/22/2015 12:00:00 AM,US,Sheryl Chaffee,321-867-8047,"32899(28.538331, -81.378879)",Kennedy Space Center,FL,32899
Johnson Space Center,"Spacecraft Acoustic Lab (SAL), B-49",,Active,07-08-2010 00:00,09/26/2012 12:00:00 AM,US,Charles Noel,281.483.3219,"77058(29.559177, -95.097897)",Houston,TX,77058
Goddard Space Flight Center,900: NASA Center for Computational Sciences/ B. 28,,Active,03-01-1996 00:00,08/16/2013 12:00:00 AM,US,Barry Green,301 286 2520,"20771(38.99538, -76.853161)",Greenbelt,MD,20771
Jet Propulsion Lab,Energy Conservation Laboratory Patio Chamber,,Active,07-06-2010 00:00,08-07-2013 00:00,US,Gary Gray,818.354.0701,"91109(34.178124, -118.150662)",PASADENA,CA,91109
Kennedy Space Center,High Bay 1/1726/HGR-S ,1957,,03-01-1996 00:00,06/22/2015 12:00:00 AM,US,Sheryl Chaffee,321-867-8047,"32899(28.538331, -81.378879)",Kennedy Space Center,FL,32899
Jet Propulsion Lab,Acoustics Noise Test Cell,1961,Active,03-01-1996 00:00,08-07-2013 00:00,US,Gary Gray,818.354.0701,"91109(34.178124, -118.150662)",PASADENA,CA,91109
Kennedy Space Center,Engineering Development Laboratory/M7-409 ,1966,,03-01-1996 00:00,06/22/2015 12:00:00 AM,US,Sheryl Chaffee,321-867-8047,"32899(28.538331, -81.378879)",Kennedy Space Center,FL,32899
Stennis Space Center,B Complex Test Control Center (TCC) #4210,1966,Active,03-01-1996 00:00,04-06-2015 00:00,US,Robert Bruce,228-688-1646,"39529-6000(30.385948, -89.604486)",Stennis Space Center,MS,39529-6000
Langley Research Center,Structural Acoustic Loads & Transmission Facility,,Active,08-01-2012 00:00,08-02-2012 00:00,US,Sherry Johnson,757.864-3848,"23681-2199(37.08681, -76.376649)",Hampton,VA,23681-2199
Stennis Space Center,Test Operations Bldg. E Complex #4010,1991,Active,03-01-1996 00:00,04-06-2015 00:00,US,Robert Bruce,228-688-1646,"39529-6000(30.385948, -89.604486)",Stennis Space Center,MS,39529-6000
Marshall Space Flight Center,"EM Impact Testing Facility 4571, 4612",2005,Active,08-04-2006 00:00,06-02-2014 00:00,US,Pam Caruso,256-544-7795,"35812(34.729538, -86.585283)",Huntsville,AL,35812
Marshall Space Flight Center,18-Ft Vacuum Coating Chamber - 4707,,Inactive,07/16/2010 12:00:00 AM,02/20/2015 12:00:00 AM,US,Pam Caruso,256-544-7795,"35812(34.729538, -86.585283)",Huntsville,AL,35812
Glenn Research Center,"Aero Acoustic Propulsion Lab., (AAPL) Bldg. 145",1990,Active,03-01-1996 00:00,03-04-2015 00:00,US,Linda C. Elonen-Wright,216-433-9370,"44135(41.430364, -81.808561)",Cleveland,OH,44135
Marshall Space Flight Center,Sun Spot Thermal Vacuum Chamber - 4619,,Active,07/18/2010 12:00:00 AM,02/20/2015 12:00:00 AM,US,Pam Caruso,256-544-7795,"35812(34.729538, -86.585283)",Huntsville,AL,35812
Jet Propulsion Lab,10-Ft Vertical Space Simulator,1965,Inactive,03-01-1996 00:00,08-07-2013 00:00,US,Gary Gray,818.354.0701,"91109(34.178124, -118.150662)",PASADENA,CA,91109
Marshall Space Flight Center,EM-20 Film Radiography Facility 4702,,Active,08-11-2006 00:00,06-02-2014 00:00,US,Pam Caruso,256-544-7795,"35812(34.729538, -86.585283)",Huntsville,AL,35812
Goddard Space Flight Center,"500: NASA Communications Facility (NASCOM), B. 3",1961,Active,03-01-1996 00:00,08/16/2013 12:00:00 AM,US,Barry Green,301 286 2520,"20771(38.99538, -76.853161)",Greenbelt,MD,20771
NASA Aircraft Management Division,DFRC ER-2 High Altitude Research Aircraft,,Active,09-08-2009 00:00,02/13/2013 12:00:00 AM,US,Hsien (Shen) Yen,202 358 4721,"20546(38.883239, -77.016473)",Washington,DC,20546
Glenn Research Center,"Engine Components Research Lab (ECRL), Bldg. 102 ",1957,Active,03-01-1996 00:00,03-04-2015 00:00,US,Linda C. Elonen-Wright,216-433-9370,"44135(41.430364, -81.808561)",Cleveland,OH,44135
Stennis Space Center,Test Facility E-1 #4050,1992,Active,03-01-1996 00:00,04-06-2015 00:00,US,Robert Bruce,228-688-1646,"39529-6000(30.385948, -89.604486)",Stennis Space Center,MS,39529-6000
NASA Aircraft Management Division,LaRC Cirrus SR-22 Research Aircraft,,Active,11-04-2009 00:00,07/22/2013 12:00:00 AM,US,Hsien (Shen) Yen,202 358 4721,"20546(38.883239, -77.016473)",Washington,DC,20546
Kennedy Space Center,HMF South Processing Bldg/Support Area/M7-1212 ,1964,,03-01-1996 00:00,06/22/2015 12:00:00 AM,US,Sheryl Chaffee,321-867-8047,"32899(28.538331, -81.378879)",Kennedy Space Center,FL,32899
Glenn Research Center,"Research Combustion Laboratory, Bldg. 35",1945,Active,03-01-1996 00:00,03-04-2015 00:00,US,Linda C. Elonen-Wright,216-433-9370,"44135(41.430364, -81.808561)",Cleveland,OH,44135
Marshall Space Flight Center,Materials Testing & Research Facility 4464,,Active,03-08-2007 00:00,03/31/2014 12:00:00 AM,US,Pam Caruso,256-544-7795,"35812(34.729538, -86.585283)",Huntsville,AL,35812
Kennedy Space Center,Launch Equipment Shop (LES)/K6-1247 ,1965,,03-01-1996 00:00,06/22/2015 12:00:00 AM,US,Sheryl Chaffee,321-867-8047,"32899(28.538331, -81.378879)",Kennedy Space Center,FL,32899
Kennedy Space Center,Low Bay Transfer Aisle/K6-848/VAB,1966,,03-01-1996 00:00,06/22/2015 12:00:00 AM,US,Sheryl Chaffee,321-867-8047,"32899(28.538331, -81.378879)",Kennedy Space Center,FL,32899
Marshall Space Flight Center,ED Air Flow Turbine Test Facility 4777,1985,Active,03-01-1996 00:00,05/30/2014 12:00:00 AM,US,Pam Caruso,256-544-7795,"35812(34.729538, -86.585283)",Huntsville,AL,35812
Marshall Space Flight Center,EH Mechanical & Corrosion Testing 4612,1961,Active,03-01-1996 00:00,06-02-2014 00:00,US,Pam Caruso,256-544-7795,"35812(34.729538, -86.585283)",Huntsville,AL,35812
Kennedy Space Center,Airlock/M7-1354/PHSF ,1985,,03-01-1996 00:00,06/22/2015 12:00:00 AM,US,Sheryl Chaffee,321-867-8047,"32899(28.538331, -81.378879)",Kennedy Space Center,FL,32899
Marshall Space Flight Center,Propulsion Research and Development Laboratory,2005,Active,08-10-2006 00:00,03/31/2014 12:00:00 AM,US,Pam Caruso,256-544-7795,"35812(34.729538, -86.585283)",Huntsville,AL,35812
Marshall Space Flight Center,EH Robotic Welding Facility 4707,1956,Active,03-01-1996 00:00,06-02-2014 00:00,US,Pam Caruso,256-544-7795,"35812(34.729538, -86.585283)",Huntsville,AL,35812
Marshall Space Flight Center,ET Modal Test Facility 4619,,Active,04/25/1996 12:00:00 AM,03/31/2014 12:00:00 AM,US,Pam Caruso,256-544-7795,"35812(34.729538, -86.585283)",Huntsville,AL,35812
Glenn Research Center,Electric Power Lab - Vacuum Facility 5 (VF-5),1961,Active,03-01-1996 00:00,03-04-2015 00:00,US,Linda C. Elonen-Wright,216-433-9370,"44135(41.430364, -81.808561)",Cleveland,OH,44135
Langley Research Center,Productivity Enhancement Lab (B-1232A),1946,Active,03-01-1996 00:00,02/25/2013 12:00:00 AM,US,Sherry Johnson,757.864-3848,"23681-2199(37.08681, -76.376649)",Hampton,VA,23681-2199
Kennedy Space Center,Operations and Checkout West Vacuum Chamber,,Inactive,07-10-2010 00:00,06/22/2015 12:00:00 AM,US,Sheryl Chaffee,321-867-8047,"32899(28.538331, -81.378879)",Kennedy Space Center,FL,32899
NASA Aircraft Management Division,JSC B-377G Super Guppy Support Aircraft,,Active,11-04-2009 00:00,07/22/2013 12:00:00 AM,US,Hsien (Shen) Yen,202 358 4721,"20546(38.883239, -77.016473)",Washington,DC,20546
Glenn Research Center,"Spacecraft Propulsion Test Facility (B-2), #3211",1968,Active,03-01-1996 00:00,03-04-2015 00:00,US,Linda C. Elonen-Wright,216-433-9370,"44135(41.430364, -81.808561)",Cleveland,OH,44135
Glenn Research Center,"Space Power Facility (SPF), Bldg. 1411",1968,Active,03-01-1996 00:00,03-05-2015 00:00,US,Linda C. Elonen-Wright,216-433-9370,"44135(41.430364, -81.808561)",Cleveland,OH,44135
Langley Research Center,Unitary Plan Wind Tunnel,1952,Active,03-01-1996 00:00,02/25/2013 12:00:00 AM,US,Sherry Johnson,757.864-3848,"23681-2199(37.08681, -76.376649)",Hampton,VA,23681-2199
Marshall Space Flight Center,Stray Light Vacuum Chamber Facility 4487,,Active,07/17/2010 12:00:00 AM,03/31/2014 12:00:00 AM,US,Pam Caruso,256-544-7795,"35812(34.729538, -86.585283)",Huntsville,AL,35812
Glenn Research Center,"Materials & Structures Complex (49, 105, 106,etc.)",1943,Active,03-01-1996 00:00,03-04-2015 00:00,US,Linda C. Elonen-Wright,216-433-9370,"44135(41.430364, -81.808561)",Cleveland,OH,44135
Marshall Space Flight Center,ET Pyrotechnic Shock Test Facility 4619,,Active,04/25/1996 12:00:00 AM,03/31/2014 12:00:00 AM,US,Pam Caruso,256-544-7795,"35812(34.729538, -86.585283)",Huntsville,AL,35812
Marshall Space Flight Center,EH Low Pressure Flammability Test Sys. 4623,1960,Active,03-01-1996 00:00,06-02-2014 00:00,US,Pam Caruso,256-544-7795,"35812(34.729538, -86.585283)",Huntsville,AL,35812
Marshall Space Flight Center,EM-20 Thermography Facility 4711,1992,Active,08-04-2006 00:00,03/31/2014 12:00:00 AM,US,Pam Caruso,256-544-7795,"35812(34.729538, -86.585283)",Huntsville,AL,35812
Kennedy Space Center,Launch Equipment Test Facility (LETF)/M7-505A ,1975,,03-01-1996 00:00,06/22/2015 12:00:00 AM,US,Sheryl Chaffee,321-867-8047,"32899(28.538331, -81.378879)",Kennedy Space Center,FL,32899
Marshall Space Flight Center,ED Solid Rocket Engine Air Flow Fac 4777,1985,Active,03-01-1996 00:00,06-02-2014 00:00,US,Pam Caruso,256-544-7795,"35812(34.729538, -86.585283)",Huntsville,AL,35812
Kennedy Space Center,High Bay 1 Cell/K6-848/VAB ,1966,Active,03-01-1996 00:00,06/22/2015 12:00:00 AM,US,Sheryl Chaffee,321-867-8047,"32899(28.538331, -81.378879)",Kennedy Space Center,FL,32899
NASA Aircraft Management Division,JSC WB-57 High Altitude Research Aircraft,,Active,11-04-2009 00:00,07/22/2013 12:00:00 AM,US,Hsien (Shen) Yen,202 358 4721,"20546(38.883239, -77.016473)",Washington,DC,20546
NASA Aircraft Management Division,GRC Learjet 25 Research Aircraft,,Active,11-04-2009 00:00,07/22/2013 12:00:00 AM,US,Hsien (Shen) Yen,202 358 4721,"20546(38.883239, -77.016473)",Washington,DC,20546
Marshall Space Flight Center,"AB Communications Facility, Bldg. 4207",1962,Active,03-01-1996 00:00,06-02-2014 00:00,US,Pam Caruso,256-544-7795,"35812(34.729538, -86.585283)",Huntsville,AL,35812
Marshall Space Flight Center,ES Solar Magnetograph Facility 4347 ,1950,,03-01-1996 00:00,03/31/2014 12:00:00 AM,US,Pam Caruso,256-544-7795,"35812(34.729538, -86.585283)",Huntsville,AL,35812
NASA Aircraft Management Division,WFF P-3B Research Aircraft,,Active,11-04-2009 00:00,02/13/2013 12:00:00 AM,US,Hsien (Shen) Yen,202 358 4721,"20546(38.883239, -77.016473)",Washington,DC,20546
Goddard Space Flight Center,700: Global Positioning System (GPS) Verification,1963,Active,03-01-1996 00:00,08/16/2013 12:00:00 AM,US,Barry Green,301 286 2520,"20771(38.99538, -76.853161)",Greenbelt,MD,20771
Kennedy Space Center,HMF Storage Building East/M7-1412 ,1964,,03-01-1996 00:00,06/22/2015 12:00:00 AM,US,Sheryl Chaffee,321-867-8047,"32899(28.538331, -81.378879)",Kennedy Space Center,FL,32899
Jet Propulsion Lab,48-inch Telescope,1988,Active,03-01-1996 00:00,08-07-2013 00:00,US,Gary Gray,818.354.0701,"91109(34.178124, -118.150662)",PASADENA,CA,91109
Johnson Space Center,General Vibration Lab (GVL),2012,Active,07-08-2010 00:00,09/26/2012 12:00:00 AM,US,Charles Noel,281.483.3219,"77058(29.559177, -95.097897)",Houston,TX,77058
Langley Research Center,Electron Beam Welding Lab,1946,Active,03-01-1996 00:00,02/15/2013 12:00:00 AM,US,Sherry Johnson,757.864-3848,"23681-2199(37.08681, -76.376649)",Hampton,VA,23681-2199
Marshall Space Flight Center,EH Sheet Metal Assembly & Machine Shop 4705,1958,Active,03-01-1996 00:00,06-02-2014 00:00,US,Pam Caruso,256-544-7795,"35812(34.729538, -86.585283)",Huntsville,AL,35812
Kennedy Space Center,South Wing/60680/HGR-AE ,1959,,03-01-1996 00:00,06/22/2015 12:00:00 AM,US,Sheryl Chaffee,321-867-8047,"32899(28.538331, -81.378879)",Kennedy Space Center,FL,32899
Marshall Space Flight Center,ES Laboratory for Structural Biology 4484 ,1994,,03-01-1996 00:00,03/31/2014 12:00:00 AM,US,Pam Caruso,256-544-7795,"35812(34.729538, -86.585283)",Huntsville,AL,35812
Marshall Space Flight Center,EM-20 Shearography Facility 4711,1992,Active,08-04-2006 00:00,03/31/2014 12:00:00 AM,US,Pam Caruso,256-544-7795,"35812(34.729538, -86.585283)",Huntsville,AL,35812
Stennis Space Center,"Canals, Lock & Dock System #0036,2310,2311,2317",1966,Active,03-01-1996 00:00,04-06-2015 00:00,US,Robert Bruce,228-688-1646,"39529-6000(30.385948, -89.604486)",Stennis Space Center,MS,39529-6000
Kennedy Space Center,High Bay 2 Cell/K6-848/VAB ,1966,Active,03-01-1996 00:00,06/22/2015 12:00:00 AM,US,Sheryl Chaffee,321-867-8047,"32899(28.538331, -81.378879)",Kennedy Space Center,FL,32899
Jet Propulsion Lab,DSS 66 Antenna,1964,Inactive,03-01-1996 00:00,08-07-2013 00:00,US,Gary Gray,818.354.0701,"91109(34.178124, -118.150662)",PASADENA,CA,91109
Kennedy Space Center,Launch Pad 39B/J7-337 ,1965,,03-01-1996 00:00,06/22/2015 12:00:00 AM,US,Sheryl Chaffee,321-867-8047,"32899(28.538331, -81.378879)",Kennedy Space Center,FL,32899
Marshall Space Flight Center,EO UDC/ Express Rack/ Express Pallet 4612,1988,Under,05/29/1996 12:00:00 AM,03/31/2014 12:00:00 AM,US,Pam Caruso,256-544-7795,"35812(34.729538, -86.585283)",Huntsville,AL,35812
Goddard Space Flight Center,"700: Space Simulation Laboratory, Building 7/10/15",1962,Active,03-01-1996 00:00,08/16/2013 12:00:00 AM,US,Barry Green,301 286 2520,"20771(38.99538, -76.853161)",Greenbelt,MD,20771
Goddard Space Flight Center,500: Space-Ground Link Terminal,1977,Active,03-01-1996 00:00,08/16/2013 12:00:00 AM,US,Barry Green,301 286 2520,"20771(38.99538, -76.853161)",Greenbelt,MD,20771
Jet Propulsion Lab,Frequency Standards Laboratory,1985,Active,03-01-1996 00:00,08-07-2013 00:00,US,Gary Gray,818.354.0701,"91109(34.178124, -118.150662)",PASADENA,CA,91109
Marshall Space Flight Center,ET West Vibration Test Facility 4619,,Active,04/25/1996 12:00:00 AM,03/31/2014 12:00:00 AM,US,Pam Caruso,256-544-7795,"35812(34.729538, -86.585283)",Huntsville,AL,35812
Wallops Flight Facility/GSFC,National Scientific Balloon Facility,1977,Active,03-01-1996 00:00,07/19/2013 12:00:00 AM,US,Scott H. Schaire,757-824-1120,"23337-5099(37.911289, -75.469622)",Wallops Island,VA,23337-5099
